Workbook

Sheet Test Releases
A1: Test Release ID(PK) | B1: Upstream Release ID | C1: Test Run IDs | D1: Test Case IDs
A2: TEST_RELEASE_ID-
A3: TEST_RELEASE_ID-
A4: TEST_RELEASE_ID-
A5: TEST_RELEASE_ID-
A6: TEST_RELEASE_ID-
A7: TEST_RELEASE_ID-
A8: TEST_RELEASE_ID-
A9: TEST_RELEASE_ID-
A10: TEST_RELEASE_ID-
A11: TEST_RELEASE_ID-
A12: TEST_RELEASE_ID-
A13: TEST_RELEASE_ID-
... A21: TEST_RELEASE_ID-
A25: Test Run ID(PK) | B25: 모델명 | C25: 대상 일련번호
B26: HRK-9000A | C26: 9HA09A24I0014
B27: HLM-9000 | C27: 9LM00024D0014
B28: HTR 상세모델명(TBD) | C28: TBD
B29: HDR-9000_OP | C29: TBD
B30: HDR-9000_JUNCTION_BOX | C30: TBD
B31: HDR-9000_? | C31: TBD
B32: HDC-9100 | C32: PP #1(관리번호 L-062)
B33: MR30G | C33: 2232318003141
B34: MR30G | C34: Wi-Fi Band 분리설정
B35: MR30G | C35: Wi-Fi Channel 설정
B36: MR30G | C36: Channel Bandwidth 설정
B37: MR30G | C37: Wi-Fi 규격 ( Mode ) 설정
B38: MR30G | C38: Wi-Fi Security
B39: Lens
B40: 모델아이
B41: Junction Box Power Cable
B42: HDC Power Cable
B43: HLM Power Cable : L-form Power Cable
B44: OP Signal and Power Cable
B45: HDR Signal and Power Cable
A49: TC IDs | B49: Defects ID | C49: Validation ID | D49: Test Release Date

Sheet Test Runs
A1: 구분 | B1: 날짜 | C1: ID | D1: 테스트 항목 | E1: 기대결과 | F1: 문제점 | G1: 문제점 절차 | H1: 첨부파일(사진)
A2: 문제점 관리 | B2: 46113 | C2: HRK-003 | D2: 측정 Data 전송 | E2: Data 전송이 잘 되어야 함 | F2: -. HIIS 데이터 전송 값 삭제가 안됨 | G2: -. HRK->HIIS->Refraction 데이터 삭제 안됨 (검토)
A3: 문제점 관리 | B3: 46113 | C3: HRK-010 | D3: =IFERROR(INDEX('HRK 테스트'!B:B,MATCH(TRIM(CLEAN(C3)),'HRK 테스트'!A:A,0)), IFERROR(INDEX('HLM 테스트'!B:B,MATCH(TRIM(CLEAN(C3)),'HLM 테스트'!A:A,0)), IFERROR(INDEX('HTR 테스트'!B:B,MATCH(TRIM(CLEAN(C3)),'HTR 테스트'!A:A,0)), IFERROR(INDEX('HDR 테스트'!B:B,MATCH(TRIM(CLEAN(C3)),'HDR 테스트'!A:A,0)), IFERROR(INDEX('HDC 테스트'!B:B,MATCH(TRIM(CLEAN(C3)),'HDC 테스트'!A:A,0)),""))))) -> Server 재연결 시 복구 | E3: =IFERROR(INDEX('HRK 테스트'!D:D,MATCH(TRIM(CLEAN(C3)),'HRK 테스트'!A:A,0)), IFERROR(INDEX('HLM 테스트'!D:D,MATCH(TRIM(CLEAN(C3)),'HLM 테스트'!A:A,0)), IFERROR(INDEX('HTR 테스트'!D:D,MATCH(TRIM(CLEAN(C3)),'HTR 테스트'!A:A,0)), IFERROR(INDEX('HDR 테스트'!D:D,MATCH(TRIM(CLEAN(C3)),'HDR 테스트'!A:A,0)), IFERROR(INDEX('HDC 테스트'!D:D,MATCH(TRIM(CLEAN(C3)),'HDC 테스트'!A:A,0)),""))))) -> 1. Server 접속상태 표시 2. Server와의 접속상태를 갱신하고, 데이터 전송 성공 3. 데이터 전송 실패시 에러메세지 확인( DR(Server)와 끊어짐 상태 표시 또는 전송실패 표시 ) 4. 실패 이후 재전송 성공 | F3: -. AP 재부팅 시 재 연결 안됨 | G3: -. AP 재부팅 시, HDR에서 HRK와 자동 연결이 안되고, HRK에서 재시도를 하면 연결됨
A4: 문제점 관리 | B4: 46113 | C4: HRK-011 | D4: =IFERROR(INDEX('HRK 테스트'!B:B,MATCH(TRIM(CLEAN(C4)),'HRK 테스트'!A:A,0)), IFERROR(INDEX('HLM 테스트'!B:B,MATCH(TRIM(CLEAN(C4)),'HLM 테스트'!A:A,0)), IFERROR(INDEX('HTR 테스트'!B:B,MATCH(TRIM(CLEAN(C4)),'HTR 테스트'!A:A,0)), IFERROR(INDEX('HDR 테스트'!B:B,MATCH(TRIM(CLEAN(C4)),'HDR 테스트'!A:A,0)), IFERROR(INDEX('HDC 테스트'!B:B,MATCH(TRIM(CLEAN(C4)),'HDC 테스트'!A:A,0)),""))))) -> 장비 재부팅 시 복구 | E4: =IFERROR(INDEX('HRK 테스트'!D:D,MATCH(TRIM(CLEAN(C4)),'HRK 테스트'!A:A,0)), IFERROR(INDEX('HLM 테스트'!D:D,MATCH(TRIM(CLEAN(C4)),'HLM 테스트'!A:A,0)), IFERROR(INDEX('HTR 테스트'!D:D,MATCH(TRIM(CLEAN(C4)),'HTR 테스트'!A:A,0)), IFERROR(INDEX('HDR 테스트'!D:D,MATCH(TRIM(CLEAN(C4)),'HDR 테스트'!A:A,0)), IFERROR(INDEX('HDC 테스트'!D:D,MATCH(TRIM(CLEAN(C4)),'HDC 테스트'!A:A,0)),""))))) -> 1. 데이터 전송 성공 2. 데이터 전송 실패시 에러메세지 확인( DR(Server)와 끊어짐 상태 표시 또는 전송실패 표시 ) 3. 실패 이후 재전송 성공 | F4: -. 양산버전이 재부팅 시 연결안됨 | G4: -. 제품 1분정도 OFF 후 재부팅 시 연결X (양산품, CCD 변경품으로 테스트) - 제품별 연결성 차이 검토
A5: 문제점 관리 | B5: 46148 | C5: HRK-001 | D5: =IFERROR(INDEX('HRK 테스트'!B:B,MATCH(TRIM(CLEAN(C5)),'HRK 테스트'!A:A,0)), IFERROR(INDEX('HLM 테스트'!B:B,MATCH(TRIM(CLEAN(C5)),'HLM 테스트'!A:A,0)), IFERROR(INDEX('HTR 테스트'!B:B,MATCH(TRIM(CLEAN(C5)),'HTR 테스트'!A:A,0)), IFERROR(INDEX('HDR 테스트'!B:B,MATCH(TRIM(CLEAN(C5)),'HDR 테스트'!A:A,0)), IFERROR(INDEX('HDC 테스트'!B:B,MATCH(TRIM(CLEAN(C5)),'HDC 테스트'!A:A,0)),""))))) -> AP 연결 및 인증 확인 | E5: =IFERROR(INDEX('HRK 테스트'!D:D,MATCH(TRIM(CLEAN(C5)),'HRK 테스트'!A:A,0)), IFERROR(INDEX('HLM 테스트'!D:D,MATCH(TRIM(CLEAN(C5)),'HLM 테스트'!A:A,0)), IFERROR(INDEX('HTR 테스트'!D:D,MATCH(TRIM(CLEAN(C5)),'HTR 테스트'!A:A,0)), IFERROR(INDEX('HDR 테스트'!D:D,MATCH(TRIM(CLEAN(C5)),'HDR 테스트'!A:A,0)), IFERROR(INDEX('HDC 테스트'!D:D,MATCH(TRIM(CLEAN(C5)),'HDC 테스트'!A:A,0)),""))))) -> 1. 연결 가능한 AP 목록 (SSID/RSSI 순서) 2. AP 연결 성공 3. AP 인증 성공 | F5: =IFERROR(INDEX('Test Cases'!K:K,MATCH(TRIM(CLEAN(C5)),'Test Cases'!A:A,0)),"") -> SETUP MODE 화면 진입 위해 "홈 화면 우측 하단 톱니바퀴 아이콘 터치" 시 간헐적 미인식
A6: 시나리오 & TC 정합성 협의사항(특이사항) | C6: HRK-002 | F6: =IFERROR(INDEX('Test Cases'!K:K,MATCH(TRIM(CLEAN(C6)),'Test Cases'!A:A,0)),"") -> 0
A7: 시나리오 & TC 정합성 협의사항(특이사항) | C7: HRK-003 | F7: =IFERROR(INDEX('Test Cases'!K:K,MATCH(TRIM(CLEAN(C7)),'Test Cases'!A:A,0)),"") -> 0
A8: 시나리오 & TC 정합성 협의사항(특이사항) | C8: HRK-004 | F8: =IFERROR(INDEX('Test Cases'!K:K,MATCH(TRIM(CLEAN(C8)),'Test Cases'!A:A,0)),"") -> 0
A9: 시나리오 & TC 정합성 협의사항(특이사항) | C9: HRK-005 | F9: =IFERROR(INDEX('Test Cases'!K:K,MATCH(TRIM(CLEAN(C9)),'Test Cases'!A:A,0)),"") -> 0
A10: 시나리오 & TC 정합성 협의사항(특이사항) | C10: HRK-006 | F10: =IFERROR(INDEX('Test Cases'!K:K,MATCH(TRIM(CLEAN(C10)),'Test Cases'!A:A,0)),"") -> 0
A11: 시나리오 & TC 정합성 협의사항(특이사항) | C11: HRK-007 | F11: =IFERROR(INDEX('Test Cases'!K:K,MATCH(TRIM(CLEAN(C11)),'Test Cases'!A:A,0)),"") -> 0
A12: 시나리오 & TC 정합성 협의사항(특이사항) | C12: HRK-008 | F12: =IFERROR(INDEX('Test Cases'!K:K,MATCH(TRIM(CLEAN(C12)),'Test Cases'!A:A,0)),"") -> 0
A13: 시나리오 & TC 정합성 협의사항(특이사항) | C13: HRK-009 | F13: =IFERROR(INDEX('Test Cases'!K:K,MATCH(TRIM(CLEAN(C13)),'Test Cases'!A:A,0)),"") -> 0
A14: 시나리오 & TC 정합성 협의사항(특이사항) | C14: HRK-010 | F14: =IFERROR(INDEX('Test Cases'!K:K,MATCH(TRIM(CLEAN(C14)),'Test Cases'!A:A,0)),"") -> -. HRK-9000A CCD 타입은 AP끊었을 시, 아이콘 갱신이 다소 오래걸림(Ver26) -. AP 재부팅 시, HDR에서 HRK와 자동 연결이 안되고, HRK에서 재시도를 하면 연결됨
A15: 시나리오 & TC 정합성 협의사항(특이사항) | C15: HRK-011 | F15: =IFERROR(INDEX('Test Cases'!K:K,MATCH(TRIM(CLEAN(C15)),'Test Cases'!A:A,0)),"") -> 0
A16: 시나리오 & TC 정합성 협의사항(특이사항) | C16: HRK-012 | F16: =IFERROR(INDEX('Test Cases'!K:K,MATCH(TRIM(CLEAN(C16)),'Test Cases'!A:A,0)),"")

Sheet Test Cases
A1: Test Senario ID | B1: 테스트 항목 | C1: 테스트 절차 | D1: 기대 결과 | E1: Test Case ID(PK) | F1: Test Config ID | G1: Test Procedure | H1: Test Procedure Actual Result(재현 판단 기준) | I1: 비고 | J1: 결과 판정 | K1: 특이사항
A2: HRK-001 | B2: AP 연결 및 인증 확인 | C2: 1. 사용자 설정에서 WIFI - BAND를 2.4GHz / 5GHz 선택한다. 2. AP SSID 스캔을 위해 SCAN버튼을 touch한다. 3. AP List 모달(팝업)에서 사용할 AP를 터치. 4. AP 의 ID/Password 를 입력하고, Verify 버튼을 touch한다. 5. 인증 확인 메시지를 확인한다. - 성공시: AP Password is okay! - 실패시: Error code 확인 | D2: 1. 연결 가능한 AP 목록 (SSID/RSSI 순서) 2. AP 연결 성공 3. AP 인증 성공 | E2: TC-HRK-001-WIFI-001 | F2: 테스트대상 구성 (장비 대수, S/W Version): - HRK-9000A (1대, 1.01.01A) 테스트환경 구성 : - AP(2.4GHz Band) 1대 | G2: 1. SETUP MODE 화면으로 진입(홈 화면 우측 하단 톱니바퀴 아이콘 터치) 2. SETUP MODE 화면-2 페이지-WIFI 탭 으로이동 3. BAND 항목을 2.4GHz로 터치 4. SCAN 버튼 터치. | H2: AP List에 SETUP 화면에 RSSI 신호강도가 강한 순에서 작은 순으로 SSID가 배치확인 | I2: 2.4GHz, 5GHz AP 에서 각각 수행 연결 실패시, 에러메세지 확인 최초 연결 후 AP 끊어지는 경우 체크 필요 | J2: 1. HDR / 1) 1대 / 2) 2대 / 2. HIIS / 3. MATE / | K2: SETUP MODE 화면 진입 위해 "홈 화면 우측 하단 톱니바퀴 아이콘 터치" 시 간헐적 미인식
G3: 1. AP List 모달(팝업)에서 사용할 AP를 터치. | H3: SETUP MODE 화면-2 페이지-WIFI 탭 의 AP SSID 항목에 선택한 SSID 가 시현
G4: 1. AP Password 입력 2. Verify 버튼 터치 3. AP Password is okay! 모달 시현 대기 4. AP Password is okay! 모달 OK 버튼 터치 | H4: 최초 연결 후 TBD 초 간 AP 끊어짐 없고, 연결관련 에러메세지 없이, 측정화면의 우측상단 Wi-Fi & HDR 정상연결 상태확인(아래의 범례와 같은 상태) 범례 *Wi-Fi 아이콘(정상 연결상태): 파란색으로 RSSI 신호세기 표기, 우하단심볼 미표기
A5: HRK-002 | B5: Server 연결 확인 | C5: 1. AP를 연결한다. 2. 사용자 설정에서 HDR IP / Port 를 입력한다. (port (default: 42000)) 3. 사용자 설정을 나와서 HDR(Server) 연결을 확인한다. 4. 오른쪽 위 상단의 ICON 확인 - 제품 4대 연결 가능. (HDR / HRK-Mate / HIIS) - 연결 성공 O, 연결 실패 X로 icon 위에 표시 (모두 연결시 O/X 표시 안함.) | D5: 1. DR 연결 성공 | E5: TC-HRK-002-WIFI-001 | F5: 테스트대상 구성 (장비 대수, S/W Version): - HRK-9000A (1대, 1.01.01A) 테스트환경 구성 : - AP(2.4GHz Band) 1대 - HDR-9000 1대 | G5: 1. AP 연결 및 인증 확인(HRK-001) 2. SETUP MODE 화면으로 진입(홈 화면 우측 하단 톱니바퀴 아이콘 터치) 3. SETUP MODE 화면-2 페이지-HDR IP 1탭으로 이동 4. HDR Nickname 입력 ex> HDR9000_1(연결할 Nickname) 5. HDR IP 입력 ex> 192.168.***.***(연결할 HDR IP) 6. HDR Port 입력 ex> 42000(연결할 Port) 7. HDR 연결할 항목에 대한 Checkbox를 터치(V 표기 시현되도록) | H5: 홈 화면의 우측상단 Wi-Fi & HDR 정상연결 상태확인(아래의 범례와 같은 상태) 범례 *Wi-Fi 아이콘 : 회색으로 RSSI 신호세기 표기상태, 좌상단심볼 미표기 *DR 아이콘 : 회색으로 DR 표기, 좌상단심볼 미표기 | I5: 최소 1개, 최대4개 늘려가면서 연결 시도 이후 모든 전송 테스트도 Server 개수 늘려가면서 진행 | J5: 1. HDR / 1) 1대 / 합 2) 2대 / 2. HIIS / 3. MATE /
A6: HRK-003 | B6: 측정데이터 전송(수동모드) | C6: 1. AP를 연결한다. 2. HDR(Server)을 연결한다. 3. 사용자 설정에서 TRANSFER TYPE(전송모드)를 수동(Manual)으로 설정한다. 4. REF / KER 측정 모드에서 데이터를 측정한다. 5. 프린트 버튼을 누르거나, 화면에 프린트 버튼을 touch 한다. 6. HDR network connect 팝업창에서 HDR (server) 버튼을 touch하여, 데이터를 전송한다. 7. HDR( Server )에서 데이터를 수신 확인한다. 8. 전송 이후, AP 또는 Server 연결이 끊어지는지 확인한다. | D6: 1. 데이터 전송 성공 2. 데이터 전송 실패시 에러메세지 확인( DR(Server)와 끊어짐 상태 표시 또는 전송실패 표시 ) 3. 실패 이후 재전송 성공 | E6: TC-HRK-003-WIFI-001 | F6: 테스트대상 구성 (장비 대수, S/W Version): - HRK-9000A (1대, 1.01.01A) 테스트환경 구성 : - AP(2.4GHz Band) 1대 - HDR-9000 1대 | G6: 1. AP 연결 및 인증 확인(HRK-001) 2. Server 연결 확인(HRK-002, HDR에 연결) 3. SETUP MODE 화면으로 진입(홈 화면 우측 하단 톱니바퀴 아이콘 터치) 4. SETUP MODE 화면-2 페이지-WIFI 탭으로 이동 5. TRANSFER TYPE를 Manual으로 설정. 6. "REF/KER 측정 MODE 화면"으로 이동(SETUP MODE 화면에서 좌측상단 홈 아이콘 터치) 7. 모델아이 장착 8. 조이스틱 수동조작하여 모델아이의 눈동자를 화면 위치로 대략적 배치 9. "REF/KER 측정 MODE 화면"의 중간상단의 MEASURE 아이콘을 터치 | H6: HRK가 "REF/KER 측정 MODE 화면"에서 모델아이 측정한 상태로 멈춤 확인 | I6: 측정 모드는 모드별로 테스트 진행 | J6: 1. HDR / 1) 1대 / 합 2) 2대 / 2. HIIS / 3. MATE /
G7: 1. "REF/KER 측정 MODE 화면"의 우측하단의 프린터 아이콘을 터치. 2. HDR network connect 팝업창에서 HDR (server) 아이콘을 터치. | H7: "REF/KER 측정 MODE 화면"의 HDR network connect 팝업창에서 HDR (server) 아이콘이 문서교환 아이콘으로 변경시현확인
G8: 1. HDR network connect 팝업창에서 OK 버튼 터치 | H8: HRK가 움직이며 ALIGN CENTER 비모달 시현 후 동공의 CENTER에서 멈춤
G9: 1. OP 키보드의 LOAD 버튼 클릭 2. OP Basic Operation 화면 좌측상단 LOAD DATA의 RK 버튼 터치 | H9: "REF/KER 측정 MODE 화면" 좌측상단 차트번호와 OP Basic Operation 화면 좌측상단 LOAD DATA의 차트번호 비교결과, 측정화면 차트번호가 1이 더 큰지 확인
G10: 1. OP Basic Operation 화면 좌측상단 LOAD DATA의 차트번호 터치 | H10: "REF/KER 측정 MODE 화면"의 중간단의 좌우 R, L 데이터 목록과 OP Basic Operation 화면 상단중간 데이터 비교결과, S(SPH), C(CYLINDER), A(TBD)의 수치가 일치 상태확인(TBD. STEP 디옵터 설정 의존성 확인)
A11: HRK-004 | B11: 측정데이터 전송(자동모드) | C11: 1. AP를 연결한다. 2. HDR(Server)을 연결한다. 3. 사용자 설정에서 TRANSFER TYPE(전송모드)를 자동(Auto)으로 설정한다. 4. REF / KER 측정 모드에서 데이터를 측정한다. 5. 프린트 버튼을 누르거나, 화면에 프린트 버튼을 touch 한다. 6. HDR (Server) 가 모두 연결된 경우, 팝업창이 뜨지 않고 데이터가 전송되는지 확인한다. - 1대 이상 연결된 경우, 모두 연결된 상태확인 - 여러대 중 1~2대 연결이 끊어진 상태확인 (전송모드가 자동이어도, HDR network connect 팝업창이 떠야 정상) 7. HDR( Server )에서 데이터를 수신 확인한다. 8. 전송 이후, AP 또는 Server 연결이 끊어지는지 확인한다. | D11: 1. 데이터 전송 성공 2. 데이터 전송 실패시 에러메세지 확인( DR(Server)와 끊어짐 상태 표시 또는 전송실패 표시 ) 3. 실패 이후 재전송 성공 | E11: TC-HRK-004-WIFI-001 | F11: 테스트대상 구성 (장비 대수, S/W Version): - HRK-9000A (1대, 1.01.01A) 테스트환경 구성 : - AP(2.4GHz Band) 1대 - HDR-9000 1대 | G11: 1. AP 연결 및 인증 확인(HRK-001) 2. Server 연결 확인(HRK-002, HDR에 연결) 3. SETUP MODE 화면으로 진입(홈 화면 우측 하단 톱니바퀴 아이콘 터치) 4. SETUP MODE 화면-2 페이지-WIFI 탭으로 이동 5. TRANSFER TYPE를 Auto로 설정. 6. "REF/KER 측정 MODE 화면"으로 이동(SETUP MODE 화면에서 좌측상단 홈 아이콘 터치) 7. 모델아이 장착 8. 조이스틱 수동조작하여 모델아이의 눈동자를 화면 위치로 대략적 배치 9. "REF/KER 측정 MODE 화면"의 중간상단의 MEASURE 아이콘을 터치 | H11: HRK가 "REF/KER 측정 MODE 화면"에서 모델아이 측정한 상태로 멈춤 확인 | I11: 측정 모드는 모드별로 테스트 진행 | J11: 1. HDR / 1) 1대 / 합 2) 2대 / 2. HIIS / 3. MATE /
G12: 1. "REF/KER 측정 MODE 화면"의 우측하단의 프린터 아이콘을 터치. | H12: "REF/KER 측정 MODE 화면"의 HDR network connect 팝업창이 뜨지 않고, HRK가 움직이며 ALIGN CENTER 비모달 시현 후 동공의 CENTER에서 멈춤
G13: 1. OP 키보드의 LOAD 버튼 클릭 2. OP Basic Operation 화면 좌측상단 LOAD DATA의 RK 버튼 터치 | H13: "REF/KER 측정 MODE 화면" 좌측상단 차트번호와 OP Basic Operation 화면 좌측상단 LOAD DATA의 차트번호 비교결과, 측정화면 차트번호가 1이 더 큰지 확인 TBD - 1대 이상 연결된 경우, 모두 연결된 상태확인 - 여러대 중 1~2대 연결이 끊어진 상태확인 (전송모드가 자동이어도, HDR network connect 팝업창이 떠야 정상)
G14: 1. OP Basic Operation 화면 좌측상단 LOAD DATA의 차트번호 터치 | H14: "REF/KER 측정 MODE 화면"의 중간단의 좌우 R, L 데이터 목록과 OP Basic Operation 화면 상단중간 데이터 비교결과, S(SPH), C(CYLINDER), A(TBD)의 수치가 일치 상태확인(TBD. STEP 디옵터 설정 의존성 확인)
A15: HRK-005 | B15: 이미지(IOL) 촬영 후 전송 | C15: 1. RETRO-ILLUMINATION MODE에 들어간다. 2. 이미지를 촬영한다. - 조이스틱 누르거나, 화면에 CAPTURE touch - 최소1장 ~ 최대4장 capture, OD/OS 무관 3. 프린트 버튼을 눌러 데이터를 전송한다. - Image Transmitting (1/4) : 캡쳐한 이미지 4장중 1장 전송중 - Image Transfer Successful! : 이미지 전송 성공 - Image Transfer Failed! : 이미지 전송 실패 4. 전송이 완료 되면, HDR( Server )에서 데이터를 수신 확인한다. 5. 전송 이후, AP 또는 Server 연결이 끊어지는지 확인한다. | D15: 1. 데이터 전송 성공 2. 데이터 전송 실패시 에러메세지 확인( DR(Server)와 끊어짐 상태 표시 또는 전송실패 표시 ) 3. 실패 이후 재전송 성공 4. HDR이 Server 목록에 있더라도 전송 성공 하는지 유무 | E15: TC-HRK-005-WIFI-001 | F15: 테스트대상 구성 (장비 대수, S/W Version): - HRK-9000A (1대, 1.01.01A) 테스트환경 구성 : - AP(2.4GHz Band) 1대 - HDR-9000 1대 | G15: 1. "REF/KER 측정 MODE 화면"의 좌측하단 부기기능 아이콘(2x2 Matrix 아이콘, 우상단, 좌하단 2개 파란색, 나머지 2개 회색) 터치 2. Retro-ILL 터치 3. HRK 동작 멈출 때까지 대기 4. 조이스틱의 Shot 버튼 누름 | H15: RETRO-ILLUMINATION MODE 화면 하단중간 Image Captured 시현확인 | I15: 같은 환자번호에서, 여러 번 보냈을때 이미지가 덮어쓰여지는지 확인 필요. | J15: 1. HDR / 전송 기능 없음 1) 1대 / 2) 2대 / 2. HIIS / 3. MATE /
G16: 1. "REF/KER 측정 MODE 화면"으로 이동(좌측상단의 홈 아이콘 터치) 2. "REF/KER 측정 MODE 화면"의 우측하단의 프린터 아이콘을 터치. | H16: "REF/KER 측정 MODE 화면" 좌측상단 차트번호와 OP Basic Operation 화면 좌측상단 LOAD DATA의 차트번호 비교결과, 측정화면 차트번호가 1이 더 큰지 확인 TBD - HDR( Server )에서 데이터를 수신 확인한다. (OP 어디에서 수신이미지 확인하기 위한 위치 공유요청) TBD - Patient ID가 동일한 마이봄샘 이미지가 저장되어 있었다면, 덮어씀 (덮어쓰는 이미지 전 후 비교방법 공유요청) TBD - 같은 환자번호에서, 여러 번 보냈을때 이미지가 덮어쓰여지는지 확인 필요. (같은 환자번호에서, 여러 번 보내는 방법 공유요청)
A17: HRK-006 | B17: 이미지( COLOR ) 촬영 후 전송 | C17: 1. COLOR VIEW MODE에 들어간다. 2. 이미지를 촬영한다. - 조이스틱 누르거나, 화면에 CAPTURE touch - 최소1장 ~ 최대4장 capture, OD/OS 무관 3. 프린트 버튼을 눌러 데이터를 전송한다. - Image Transmitting (1/4) : 캡쳐한 이미지 4장중 1장 전송중 - Image Transfer Successful! : 이미지 전송 성공 - Image Transfer Failed! : 이미지 전송 실패 4. 전송이 완료 되면, HDR( Server )에서 데이터를 수신 확인한다. 5. 전송 이후, AP 또는 Server 연결이 끊어지는지 확인한다. | D17: 1. 데이터 전송 성공 2. 데이터 전송 실패시 에러메세지 확인( DR(Server)와 끊어짐 상태 표시 또는 전송실패 표시 ) 3. 실패 이후 재전송 성공 4. HDR이 Server 목록에 있더라도 전송 성공 하는지 유무 | E17: TC-HRK-006-WIFI-001 | F17: 테스트대상 구성 (장비 대수, S/W Version): - HRK-9000A (1대, 1.01.01A) 테스트환경 구성 : - AP(2.4GHz Band) 1대 - HDR-9000 1대 | G17: 1. "REF/KER 측정 MODE 화면"의 좌측하단 부기기능 아이콘(2x2 Matrix 아이콘, 우상단, 좌하단 2개 파란색, 나머지 2개 회색) 터치 2. COLOR 터치 3. HRK 동작 멈출 때까지 대기 4. 조이스틱의 Shot 버튼 누름 | H17: COLOR VIEW MODE 화면 하단중간 Image Captured 시현확인 | I17: 같은 환자번호에서, 여러 번 보냈을때 이미지가 덮어쓰여지는지 확인 필요. | J17: 1. HDR / 전송 기능 없음 1) 1대 / 2) 2대 / 2. HIIS / 3. MATE /
G18: 1. "REF/KER 측정 MODE 화면"으로 이동(좌측상단의 홈 아이콘 터치) 2. "REF/KER 측정 MODE 화면"의 우측하단의 프린터 아이콘을 터치. 3. HRK 동작 멈출 때까지 대기 | H18: "REF/KER 측정 MODE 화면" 좌측상단 차트번호와 OP Basic Operation 화면 좌측상단 LOAD DATA의 차트번호 비교결과, 측정화면 차트번호가 1이 더 큰지 확인 TBD - HDR( Server )에서 데이터를 수신 확인한다. (OP 어디에서 수신이미지 확인하기 위한 위치 공유요청) TBD - Patient ID가 동일한 마이봄샘 이미지가 저장되어 있었다면, 덮어씀 (덮어쓰는 이미지 전 후 비교방법 공유요청) TBD - 같은 환자번호에서, 여러 번 보냈을때 이미지가 덮어쓰여지는지 확인 필요. (같은 환자번호에서, 여러 번 보내는 방법 공유요청)
A19: HRK-007 | B19: 이미지( TFBUT ) 촬영 후 전송 | C19: 1. TFBUT MODE에 들어간다. 2. 이미지를 촬영한다. - 조이스틱 누르거나, 화면에 CAPTURE touch - 최소1장 ~ 최대4장 capture, OD/OS 무관 3. 프린트 버튼을 눌러 데이터를 전송한다. - Image Transmitting (1/4) : 캡쳐한 이미지 4장중 1장 전송중 - Image Transfer Successful! : 이미지 전송 성공 - Image Transfer Failed! : 이미지 전송 실패 4. 전송이 완료 되면, HDR( Server )에서 데이터를 수신 확인한다. 5. 전송 이후, AP 또는 Server 연결이 끊어지는지 확인한다. | D19: 1. 데이터 전송 성공 2. 데이터 전송 실패시 에러메세지 확인( DR(Server)와 끊어짐 상태 표시 또는 전송실패 표시 ) 3. 실패 이후 재전송 성공 4. HDR이 Server 목록에 있더라도 전송 성공 하는지 유무 | E19: TC-HRK-007-WIFI-001 | F19: 테스트대상 구성 (장비 대수, S/W Version): - HRK-9000A (1대, 1.01.01A) 테스트환경 구성 : - AP(2.4GHz Band) 1대 - HDR-9000 1대 | G19: 1. "REF/KER 측정 MODE 화면"의 좌측하단 부기기능 아이콘(2x2 Matrix 아이콘, 우상단, 좌하단 2개 파란색, 나머지 2개 회색) 터치 2. TFBUT 터치 3. HRK 동작 멈출 때까지 대기 4. 조이스틱의 Shot 버튼 누름 | H19: TFBUT MODE 화면 하단중간 Image Captured 시현확인 | I19: 같은 환자번호에서, 여러 번 보냈을때 이미지가 덮어쓰여지는지 확인 필요. Server 가 HIIS-1인 경우, duration time 출력 여부 확인 필요. | J19: 1. HDR / 전송 기능 없음 1) 1대 / 2) 2대 / 2. HIIS / 3. MATE /
G20: 1. "REF/KER 측정 MODE 화면"으로 이동(좌측상단의 홈 아이콘 터치) 2. "REF/KER 측정 MODE 화면"의 우측하단의 프린터 아이콘을 터치. 3. HRK 동작 멈출 때까지 대기 | H20: "REF/KER 측정 MODE 화면" 좌측상단 차트번호와 OP Basic Operation 화면 좌측상단 LOAD DATA의 차트번호 비교결과, 측정화면 차트번호가 1이 더 큰지 확인 TBD - HDR( Server )에서 데이터를 수신 확인한다. (OP 어디에서 수신이미지 확인하기 위한 위치 공유요청) TBD - Patient ID가 동일한 마이봄샘 이미지가 저장되어 있었다면, 덮어씀 (덮어쓰는 이미지 전 후 비교방법 공유요청) TBD - 같은 환자번호에서, 여러 번 보냈을때 이미지가 덮어쓰여지는지 확인 필요. (같은 환자번호에서, 여러 번 보내는 방법 공유요청)
A21: HRK-008 | B21: 이미지( MEIBO ) 촬영 후 전송 | C21: 1. MEIBOGRAPHY MODE에 들어간다. 2. 이미지를 촬영한다. - 조이스틱 누르거나, 화면에 CAPTURE touch - 최소1장 ~ 최대4장 capture, OD/OS 무관 3. 프린트 버튼을 눌러 데이터를 전송한다. - Image Transmitting (1/4) : 캡쳐한 이미지 4장중 1장 전송중 - Image Transfer Successful! : 이미지 전송 성공 - Image Transfer Failed! : 이미지 전송 실패 4. 전송이 완료 되면, HDR( Server )에서 데이터를 수신 확인한다. 5. 전송 이후, AP 또는 Server 연결이 끊어지는지 확인한다. | D21: 1. 데이터 전송 성공 2. 데이터 전송 실패시 에러메세지 확인( DR(Server)와 끊어짐 상태 표시 또는 전송실패 표시 ) 3. 실패 이후 재전송 성공 4. HDR이 Server 목록에 있더라도 전송 성공 하는지 유무 | E21: TC-HRK-008-WIFI-001 | F21: 테스트대상 구성 (장비 대수, S/W Version): - HRK-9000A (1대, 1.01.01A) 테스트환경 구성 : - AP(2.4GHz Band) 1대 - HDR-9000 1대 | G21: 1. "REF/KER 측정 MODE 화면"의 좌측하단 부기기능 아이콘(2x2 Matrix 아이콘, 우상단, 좌하단 2개 파란색, 나머지 2개 회색) 터치 2. MEIBO 터치 3. HRK 동작 멈출 때까지 대기 4. 조이스틱의 Shot 버튼 누름 | H21: MEIBOGRAPHY MODE 화면의 하단중간 Image Captured 시현확인 | I21: 같은 환자번호에서, 여러 번 보냈을때 이미지가 덮어쓰여지는지 확인 필요. | J21: 1. HDR / 전송 기능 없음 1) 1대 / 2) 2대 / 2. HIIS / 3. MATE /
G22: 1. "REF/KER 측정 MODE 화면"으로 이동(좌측상단의 홈 아이콘 터치) 2. "REF/KER 측정 MODE 화면"의 우측하단의 프린터 아이콘을 터치 3. HRK 동작 멈출 때까지 대기 | H22: "REF/KER 측정 MODE 화면" 좌측상단 차트번호와 OP Basic Operation 화면 좌측상단 LOAD DATA의 차트번호 비교결과, 측정화면 차트번호가 1이 더 큰지 확인 TBD - HDR( Server )에서 데이터를 수신 확인한다. (OP 어디에서 수신이미지 확인하기 위한 위치 공유요청) TBD - Patient ID가 동일한 마이봄샘 이미지가 저장되어 있었다면, 덮어씀 (덮어쓰는 이미지 전 후 비교방법 공유요청) TBD - 같은 환자번호에서, 여러 번 보냈을때 이미지가 덮어쓰여지는지 확인 필요. (같은 환자번호에서, 여러 번 보내는 방법 공유요청)
A23: HRK-009 | B23: 이미지( MEIBO - 강조 ) 전송 | C23: 1. MEIBOGRAPHY MODE에 들어간다. 2. 이미지를 촬영한다. 3. 눈 모양 버튼을 touch하여 이미지 display 화면으로 들어가서 마이봄샘을 강조할 이미지 1장을 선택한다. 4. 아이콘 버튼을 touch하여 마이봄샘을 강조한다. 5. 프린트 버튼을 눌러 데이터를 전송한다. - Image Transmitting (1/1) : 캡쳐한 이미지 1장 전송중 - Image Transfer Successful! : 이미지 전송 성공 - Image Transfer Failed! : 이미지 전송 실패 6. 전송이 완료 되면, HDR( Server )에서 데이터를 수신 확인한다. (Patient ID가 동일한 마이봄샘 이미지가 저장되어 있었다면, 덮어씀) 7. 전송 이후, AP 또는 Server 연결이 끊어지는지 확인한다. | D23: 1. 데이터 전송 성공 2. 데이터 전송 실패시 에러메세지 확인( DR(Server)와 끊어짐 상태 표시 또는 전송실패 표시 ) 3. 실패 이후 재전송 성공 4. HDR이 Server 목록에 있더라도 전송 성공 하는지 유무 | E23: TC-HRK-009-WIFI-001 | F23: 테스트대상 구성 (장비 대수, S/W Version): - HRK-9000A (1대, 1.01.01A) 테스트환경 구성 : - AP(2.4GHz Band) 1대 - HDR-9000 1대 | G23: 1. "REF/KER 측정 MODE 화면"의 좌측하단 부기기능 아이콘(2x2 Matrix 아이콘, 우상단, 좌하단 2개 파란색, 나머지 2개 회색) 터치 2. MEIBO 터치 3. HRK 동작 멈출 때까지 대기 4. 조이스틱의 Shot 아이콘 누름 | H23: MEIBOGRAPHY MODE 화면의 하단중간 Image Captured 시현확인 | I23: 같은 환자번호에서, 여러 번 보냈을때 이미지가 덮어쓰여지는지 확인 필요. | J23: 1. HDR / 전송 기능 없음 1) 1대 / 2) 2대 / 2. HIIS / 3. MATE /
G24: 1. MEIBOGRAPHY 화면의 우측하단 이중 사각형 안 눈모양 아이콘을 터치 | H24: "MEIBOGRAPHY MODE 이미지 시현화면"으로 화면전환 확인 (4개의 이미지가 한 화면에 4분할 되어 시현)
G25: 1. MEIBOGRAPHY MODE 이미지 시현화면의 4장 중 마이봄샘을 강조할 이미지 1장을 선택한다. 2. 선택된 이미지의 우측하단 마이봄샘 아이콘을 터치 | H25: "MEIBOGRAPHY MODE 이미지 시현화면"의 선택된 화면의 우측하단 마이봄샘 아이콘의 마이봄샘 색상이 보라색으로 시현확인
G26: 1. "REF/KER 측정 MODE 화면"으로 이동(좌측상단의 뒤로가기 아이콘 터치) 2. "REF/KER 측정 MODE 화면"으로 이동(좌측상단의 뒤로가기 아이콘 터치) 3. "REF/KER 측정 MODE 화면"으로 이동(홈 아이콘 터치) 4. "REF/KER 측정 MODE 화면"의 우측하단의 프린터 아이콘을 터치 5. HRK 동작 멈출 때까지 대기 | H26: "REF/KER 측정 MODE 화면" 좌측상단 차트번호와 OP Basic Operation 화면 좌측상단 LOAD DATA의 차트번호 비교결과, 측정화면 차트번호가 1이 더 큰지 확인 TBD - HDR( Server )에서 데이터를 수신 확인한다. (OP 어디에서 수신이미지 확인하기 위한 위치 공유요청) - Patient ID가 동일한 마이봄샘 이미지가 저장되어 있었다면, 덮어씀 (덮어쓰는 이미지 전 후 비교방법 공유요청) - 같은 환자번호에서, 여러 번 보냈을때 이미지가 덮어쓰여지는지 확인 필요. (같은 환자번호에서, 여러 번 보내는 방법 공유요청)
A27: HRK-010 | B27: Server 재연결 시 복구 | C27: 1. AP를 연결한다. 2. HDR(Server)을 연결한다. 3. 연결을 확인한 후, 임의의 Server의 AP 연결을 끊는다. 4. 임의의 Server AP 재접속을 진행한다. 5. HRK에서 끊어짐 표시를 확인한 후 데이터를 측정한다. 6. 데이터를 전송한다. 7. 전송목록에서 연결이 끊어진 Server의 아이콘 상태를 확인한다. 8. 아이콘을 눌러 재접속을 진행한 후 데이터를 전송한다. 9. Server에서 데이터를 수신 확인한다. | D27: 1. Server 접속상태 표시 2. Server와의 접속상태를 갱신하고, 데이터 전송 성공 3. 데이터 전송 실패시 에러메세지 확인( DR(Server)와 끊어짐 상태 표시 또는 전송실패 표시 ) 4. 실패 이후 재전송 성공 | E27: TC-HRK-010-WIFI-001 | F27: 테스트대상 구성 (장비 대수, S/W Version): - HRK-9000A (1대, 1.01.01A) 테스트환경 구성 : - AP(2.4GHz Band) 1대 - HDR-9000 1대 | G27: 1. AP 연결 및 인증 확인(HRK-001) 2. Server 연결 확인(HRK-002, HDR에 연결) 3. SETUP MODE 화면으로 진입(홈 화면 우측 하단 톱니바퀴 아이콘 터치) 4. SETUP MODE 화면-2 페이지-WIFI 탭으로 이동 5. TRANSFER TYPE를 Auto로 설정. 6. "REF/KER 측정 MODE 화면"으로 이동(SETUP MODE 화면에서 좌측상단 홈 아이콘 터치) | H27: "REF/KER 측정 MODE 화면" 시현확인 | I27: 전송 모드는 수동/자동 각각 설정하여 테스트 진행 측정 모드는 모드별로 테스트 진행 Server는 최소 1개, 최대 4개 늘려가면서 테스트 진행 | J27: 1. HDR / 1) 1대 / 불 2) 2대 / 2. HIIS / 3. MATE / | K27: -. HRK-9000A CCD 타입은 AP끊었을 시, 아이콘 갱신이 다소 오래걸림(Ver26) -. AP 재부팅 시, HDR에서 HRK와 자동 연결이 안되고, HRK에서 재시도를 하면 연결됨
G28: 1. 모델아이 장착 2. 조이스틱 수동조작하여 모델아이의 눈동자를 화면 위치로 대략적 배치 3. OP 홈 화면 진입(OP Basic Operation 화면에서 좌측상단 홈 아이콘 터치) 4. OP QC Settings 화면 진입(OP 홈 화면에서 Shift+MENU 터치) 5. OP QC Settings 화면의 "Commnunication 탭"의 Connection 항목을 OFF로 터치. 6. OP QC Settings 화면의 OK 터치 | H28: "REF/KER 측정 MODE 화면"에서 우측상단에서 *HDR 아이콘(미연결상태) 확인. 범례 *HDR 아이콘(미연결상태) : 회색톤 아이콘 표기, 좌상단심볼 X 파란색으로 표기
G29: 1. OP QC Settings 화면 진입(OP 홈 화면에서 Shift+MENU 터치) 2. OP QC Settings 화면의 "Commnunication 탭"의 Connection 항목을 ON로 터치. 3. OP QC Settings 화면의 OK 터치 | H29: OP 홈 화면 시현확인
G30: 1. "REF/KER 측정 MODE 화면"의 중간상단의 MEASURE 아이콘을 터치 2. "REF/KER 측정 MODE 화면"의 우측하단의 프린터 아이콘을 터치. | H30: HDR network connect 모달 시현확인
G31: 1. "REF/KER 측정 MODE 화면"의 HDR network connect 모달에서 "HDR 재연결 시도 아이콘" 터치 | H31: "REF/KER 측정 MODE 화면"의 HDR network connect 모달에서 "HDR 재연결 시도 아이콘" 이 "HDR 연결완료 아이콘" 으로 변경 확인
G32: 1. "REF/KER 측정 MODE 화면"의 HDR network connect 모달에서 OK 터치 2. OP Basic Operation 화면 진입(OP 홈 화면에서 Basic Operation 터치) 3. OP 키보드의 LOAD 버튼 터치 4. OP Basic Operation 화면 좌측상단 LOAD DATA의 RK 버튼 터치 | H32: "REF/KER 측정 MODE 화면" 좌측상단 차트번호와 OP Basic Operation 화면 좌측상단 LOAD DATA의 차트번호 비교결과, "REF/KER 측정 MODE 화면" 차트번호가 2차이 이상 임을 확인 (데이터 안들어온 것으로 판단) TBD. 정상루틴인 건지 문제인건지 확인필요
G33: 1. "REF/KER 측정 MODE 화면"의 중간상단의 MEASURE 아이콘을 터치 2. "REF/KER 측정 MODE 화면"의 우측하단의 프린터 아이콘을 터치. 3. OP Basic Operation 화면 진입(OP 홈 화면에서 Basic Operation 터치) 4. OP 키보드의 LOAD 버튼 터치 5. OP Basic Operation 화면 좌측상단 LOAD DATA의 RK 버튼 터치 | H33: "REF/KER 측정 MODE 화면" 좌측상단 차트번호와 OP Basic Operation 화면 좌측상단 LOAD DATA의 차트번호 비교결과, "REF/KER 측정 MODE 화면" 차트번호가 1이 더 큰지 확인
G34: 1. OP Basic Operation 화면 좌측상단 LOAD DATA의 차트번호 터치 | H34: "REF/KER 측정 MODE 화면"의 중간단의 좌우 R, L 데이터 목록과 OP Basic Operation 화면 상단중간 데이터 비교결과, S(SPH), C(CYLINDER), A(TBD)의 수치가 일치 상태확인(TBD. STEP 디옵터 설정 의존성 확인)
F35: 테스트대상 구성 (장비 대수, S/W Version): - HRK-9000A (1대, 1.01.01A) 테스트환경 구성 : - AP(2.4GHz Band) 1대 - HDR-9000 1대 | G35: 1. AP 연결 및 인증 확인(HRK-001) 2. Server 연결 확인(HRK-002, HDR에 연결) 3. SETUP MODE 화면으로 진입(홈 화면 우측 하단 톱니바퀴 아이콘 터치) 4. SETUP MODE 화면-2 페이지-WIFI 탭으로 이동 5. TRANSFER TYPE를 Auto로 설정. 6. "REF/KER 측정 MODE 화면"으로 이동(SETUP MODE 화면에서 좌측상단 홈 아이콘 터치) | H35: "REF/KER 측정 MODE 화면" 시현확인 | I35: 전송 모드는 수동/자동 각각 설정하여 테스트 진행 측정 모드는 모드별로 테스트 진행 Server는 최소 1개, 최대 4개 늘려가면서 테스트 진행 | J35: 1. HDR / 1) 1대 / 불 2) 2대 / 2. HIIS / 3. MATE / | K35: -. HRK-9000A CCD 타입은 AP끊었을 시, 아이콘 갱신이 다소 오래걸림(Ver26) -. AP 재부팅 시, HDR에서 HRK와 자동 연결이 안되고, HRK에서 재시도를 하면 연결됨
G36: 1. 모델아이 장착 2. 조이스틱 수동조작하여 모델아이의 눈동자를 화면 위치로 대략적 배치 3. OP 홈 화면 진입(OP Basic Operation 화면에서 좌측상단 홈 아이콘 터치) 4. OP QC Settings 화면 진입(OP 홈 화면에서 Shift+MENU 터치) 5. OP QC Settings 화면의 "Commnunication 탭"의 Connection 항목을 OFF로 터치. 6. OP QC Settings 화면의 OK 터치 | H36: "REF/KER 측정 MODE 화면"에서 우측상단에서 *HDR 아이콘(미연결상태) 확인. 범례 *HDR 아이콘(미연결상태) : 회색톤 아이콘 표기, 좌상단심볼 X 파란색으로 표기
G37: 1. OP QC Settings 화면 진입(OP 홈 화면에서 Shift+MENU 터치) 2. OP QC Settings 화면의 "Commnunication 탭"의 Connection 항목을 ON로 터치. 3. OP QC Settings 화면의 OK 터치 | H37: OP 홈 화면 시현확인
G38: 1. "REF/KER 측정 MODE 화면"의 중간상단의 MEASURE 아이콘을 터치 2. "REF/KER 측정 MODE 화면"의 우측하단의 프린터 아이콘을 터치. | H38: HDR network connect 모달 시현확인
G39: 1. "REF/KER 측정 MODE 화면"의 HDR network connect 모달에서 "HDR 재연결 시도 아이콘" 터치 | H39: "REF/KER 측정 MODE 화면"의 HDR network connect 모달에서 "HDR 재연결 시도 아이콘" 이 "HDR 연결완료 아이콘" 으로 변경 확인
G40: 1. "REF/KER 측정 MODE 화면"의 HDR network connect 모달에서 OK 터치 2. OP Basic Operation 화면 진입(OP 홈 화면에서 Basic Operation 터치) 3. OP 키보드의 LOAD 버튼 터치 4. OP Basic Operation 화면 좌측상단 LOAD DATA의 RK 버튼 터치 | H40: "REF/KER 측정 MODE 화면" 좌측상단 차트번호와 OP Basic Operation 화면 좌측상단 LOAD DATA의 차트번호 비교결과, "REF/KER 측정 MODE 화면" 차트번호가 2차이 이상 임을 확인 (데이터 안들어온 것으로 판단) TBD. 정상루틴인 건지 문제인건지 확인필요
G41: 1. "REF/KER 측정 MODE 화면"의 중간상단의 MEASURE 아이콘을 터치 2. "REF/KER 측정 MODE 화면"의 우측하단의 프린터 아이콘을 터치. 3. OP Basic Operation 화면 진입(OP 홈 화면에서 Basic Operation 터치) 4. OP 키보드의 LOAD 버튼 터치 5. OP Basic Operation 화면 좌측상단 LOAD DATA의 RK 버튼 터치 | H41: "REF/KER 측정 MODE 화면" 좌측상단 차트번호와 OP Basic Operation 화면 좌측상단 LOAD DATA의 차트번호 비교결과, "REF/KER 측정 MODE 화면" 차트번호가 1이 더 큰지 확인
G42: 1. OP Basic Operation 화면 좌측상단 LOAD DATA의 차트번호 터치 | H42: "REF/KER 측정 MODE 화면"의 중간단의 좌우 R, L 데이터 목록과 OP Basic Operation 화면 상단중간 데이터 비교결과, S(SPH), C(CYLINDER), A(TBD)의 수치가 일치 상태확인(TBD. STEP 디옵터 설정 의존성 확인)
A43: HRK-011 | B43: 장비 재부팅 시 복구 | C43: 1. AP를 연결한다. 2. HDR(Server)을 연결한다. 3. 연결을 확인한 후, 장비의 전원을 off 한다. 4. 장비의 전원을 on 한다. 5. AP / HDR(Server) 재접속 여부를 확인한다. 6. 재접속이 되지않은경우, 수동으로 재접속을 진행한다. 7. 데이터를 측정한다. 8. Server에서 데이터를 수신 확인한다. | D43: 1. 데이터 전송 성공 2. 데이터 전송 실패시 에러메세지 확인( DR(Server)와 끊어짐 상태 표시 또는 전송실패 표시 ) 3. 실패 이후 재전송 성공 | E43: TC-HRK-011-WIFI-001 | F43: 테스트대상 구성 (장비 대수, S/W Version): - HRK-9000A (1대, 1.01.01A) 테스트환경 구성 : - AP(2.4GHz Band) 1대 - HDR-9000 1대 | G43: 1. AP 연결 및 인증 확인(HRK-001) 2. Server 연결 확인(HRK-002, HDR에 연결) 3. SETUP MODE 화면으로 진입(홈 화면 우측 하단 톱니바퀴 아이콘 터치) 4. SETUP MODE 화면-2 페이지-WIFI 탭으로 이동 5. TRANSFER TYPE를 Auto로 설정. 6. "REF/KER 측정 MODE 화면"으로 이동(SETUP MODE 화면에서 좌측상단 홈 아이콘 터치) 7. 모델아이 장착 8. 조이스틱 수동조작하여 모델아이의 눈동자를 화면 위치로 대략적 배치 | H43: 모델아이의 눈의 윤곽이 "REF/KER 측정 MODE 화면"에 시현확인 | I43: 전송 모드는 수동/자동 각각 설정하여 테스트 진행 측정 모드는 모드별로 테스트 진행 Server는 최소 1개, 최대 4개 늘려가면서 테스트 진행 | J43: 1. HDR / 1) 1대 / 2) 2대 / 2. HIIS / 3. MATE /
G44: 1. OP QC Settings 화면 진입(OP 홈 화면에서 Shift+MENU 터치) 2. OP QC Settings 화면의 "Commnunication 탭"의 Connection 항목을 ON로 터치. 3. OP QC Settings 화면의 OK 터치 | H44: OP 홈 화면 시현확인
G45: 1. HTR 장비 스위치 OFF 2. TBD 초 이상 대기 3. HTR 장비 스위치 ON | H45: "REF/KER 측정 MODE 화면"의 우측상단 Wi-Fi & HDR 정상연결 상태확인(아래의 범례와 같은 상태) 범례 *Wi-Fi 아이콘 : 회색으로 RSSI 신호세기 표기상태, 우하단심볼 미표기 *DR 아이콘 : 회색으로 DR 표기, 우하단심볼 미표기
G46: 1. 재접속이 되지않은경우, 수동으로 재접속을 진행한다.
G47: 1. "REF/KER 측정 MODE 화면"의 중간상단의 MEASURE 아이콘을 터치 2. "REF/KER 측정 MODE 화면"의 우측하단의 프린터 아이콘을 터치. | H47: HDR network connect 모달 시현확인
G48: 1. "REF/KER 측정 MODE 화면"의 HDR network connect 모달에서 "HDR 재연결 시도 아이콘" 터치 | H48: "REF/KER 측정 MODE 화면"의 HDR network connect 모달에서 "HDR 재연결 시도 아이콘" 이 "HDR 연결완료 아이콘" 으로 변경 확인
G49: 1. "REF/KER 측정 MODE 화면"의 HDR network connect 모달에서 OK 터치 2. OP Basic Operation 화면 진입(OP 홈 화면에서 Basic Operation 터치) 3. OP 키보드의 LOAD 버튼 터치 4. OP Basic Operation 화면 좌측상단 LOAD DATA의 RK 버튼 터치 | H49: "REF/KER 측정 MODE 화면" 좌측상단 차트번호와 OP Basic Operation 화면 좌측상단 LOAD DATA의 차트번호 비교결과, "REF/KER 측정 MODE 화면" 차트번호가 1이 더 큰지 확인
G50: 1. OP Basic Operation 화면 좌측상단 LOAD DATA의 차트번호 터치 | H50: "REF/KER 측정 MODE 화면"의 중간단의 좌우 R, L 데이터 목록과 OP Basic Operation 화면 상단중간 데이터 비교결과, S(SPH), C(CYLINDER), A(TBD)의 수치가 일치 상태확인(TBD. STEP 디옵터 설정 의존성 확인)
A51: HLM-001 | B51: AP 연결 및 인증 확인 | C51: 1. 사용자 설정에서 NETWORK - AP ID 스캔을 위해 SCAN버튼을 touch한다. 2. AP list (popup창)에서 사용할 AP를 선택 한다. 3. AP 의 ID/Password 를 입력하고, Verify 버튼을 touch한다. 4. 인증 확인 메시지를 확인한다. - 성공시: AP Password is okay! - 실패시: Error code 확인 | D51: 1. 연결 가능한 AP 목록 (SSID/RSSI 순서) 2. AP 연결 성공 3. AP 인증 성공 | E51: TC-HLM-001 | F51: 테스트대상 구성 : - HLM 1대 테스트환경 구성 : - AP(2.4GHz) 1대 | G51: 1. SETUP 화면 진입(측정화면 우측하단 Gear 아이콘 터치) 2. SETUP 화면-NETWORK 탭-1 페이지로 이동 3. AP ID 선택(2.4GHz AP SSID) ex> MER**** 4. Scan 버튼 터치 | H51: AP List에 SETUP 화면에 RSSI 신호강도가 강한 순에서 작은 순으로 SSID가 배치확인 | I51: 2.4GHz, 5GHz AP 에서 각각 수행 연결 실패시, 에러메세지 확인 최초 연결 후 AP 끊어지는 경우 체크 필요 | J51: ( O, X )
G52: 1. AP Password 입력 2. Verify 버튼 터치 3. AP Password is okay! 모달 시현 대기 4. AP Password is okay! 모달 OK 버튼 터치 | H52: 최초 연결 후 TBD 초 간 AP 끊어짐 없고, 연결관련 에러메세지 없이, 측정화면의 우측상단 Wi-Fi & HDR 정상연결 상태확인(아래의 범례와 같은 상태) 범례 *Wi-Fi 아이콘(정상 연결상태): 파란색으로 RSSI 신호세기 표기, 우하단심볼 미표기 | J52: ( O, X )
A53: HLM-002 | B53: Server 연결 확인 | C53: 1. AP를 연결한다. 2. 사용자 설정에서 NETWORK - 2page에 IP / Port 를 입력한다. (port (default: 2100)) 3. 사용자 설정을 나와서 HDR(Server) 연결을 확인한다. 4. 오른쪽 위 상단의 ICON 확인 - 제품 4대 연결 가능. (HDR / HIIS) - 연결 성공 O, 연결 실패 X로 icon 위에 표시 (모두 연결시 O/X 표시 안함.) | D53: 1. DR 연결 성공 | E53: TC-HLM-002 | F53: 테스트대상 구성 : - HLM 1대 테스트환경 구성 : - AP(2.4GHz) 1대 - HDR-9000 1대 | G53: 1. AP 연결 및 인증 확인(HLM-001) 2. SETUP 화면-NETWORK 탭-2 페이지 SSID 입력 3. SETUP 화면-NETWORK 탭-2 페이지 IP 입력 ex> 192.168.***.*** 4. SETUP 화면-NETWORK 탭-2 페이지 Port 입력 ex> 2100(default port) 5. 측정화면으로 이동(SETUP 화면의 좌측상단 BACK 버튼을 터치) | H53: 측정화면에서 우측상단에서 *HDR 아이콘(정상 연결상태) 확인한다. 범례 *HDR 아이콘(정상 연결상태) : 파란색톤 DR 아이콘 표기, 우상단심볼 미표기 | I53: 최소 1개, 최대4개 늘려가면서 연결 시도 이후 모든 전송 테스트도 Server 개수 늘려가면서 진행 | J53: ( O, X )
A54: HLM-003 | B54: 측정데이터 전송 (수동모드) | C54: 1. AP를 연결한다. 2. HDR(Server)을 연결한다. 3. 사용자 설정에서 NETWORK -Trans. Type (전송모드)를 Manual(수동)으로 설정한다. 4. 측정화면에서 측정렌즈를 LENS cap 위에 올려 두고 데이터를 측정한다. 5. 화면에 프린트 버튼을 touch 한다. 6. HDR network connect 팝업창에서 HDR (server) 버튼을 touch하여, 데이터를 전송한다. 7. HDR( Server )에서 데이터를 수신 확인한다. 8. 전송 이후, AP 또는 Server 연결이 끊어지는지 확인한다. | D54: 1. 데이터 전송 성공 2. 데이터 전송 실패시 에러메세지 확인( DR(Server)와 끊어짐 상태 표시 또는 전송실패 표시 ) 3. 실패 이후 재전송 성공 | E54: TC-HLM-003 | F54: 테스트대상 구성 : - HLM 1대 테스트환경 구성 : - AP(2.4GHz) 1대 - HDR-9000 1대 | G54: 1. AP 연결 및 인증 확인(HLM-001) 2. Server 연결 확인(HLM-002, HDR에 연결) 3. SETUP 화면- NETWORK -Trans. Type을 Manual로 설정. 4. 측정렌즈를 HLM의 LENS cap 위에 안착(측정화면 과녁에서 + 가 최대크기가 되는 지점에서) 5. HDR network connect 팝업창에서 HDR (server) 아이콘 터치 | H54: HDR (Server)가 모두 연결된 경우 > HDR network connect 팝업창 없이 데이터 전송 확인 HDR (Server)가 모두 연결되지 않은 경우 > HDR network connect 팝업창 뜨고 데이터 전송 확인? 두가지 경우의 수 모두 시험?(TBD) | I54: 전송 모드는 수동/자동 각각 설정하여 테스트 진행 측정 모드는 모드별로 테스트 진행 | J54: ( O, X )
G55: 1. 측정화면의 우측하단의 프린터 아이콘을 터치. 2. OP 키보드의 LOAD 버튼 클릭 3. OP Basic Operation 화면 좌측상단 LOAD DATA의 LM 버튼 터치 | H55: 측정화면 좌측상단 차트번호와 OP Basic Operation 화면 좌측상단 LOAD DATA의 차트번호 비교결과, 차트번호가 일치 상태확인
G56: 1. OP Basic Operation 화면 좌측상단 LOAD DATA의 차트번호 터치 | H56: 측정화면 L, R 데이터와 OP Basic Operation 화면 상단중간 데이터 비교결과, S(SPH)의 수치가 일치 상태확인(TBD. STEP 디옵터 설정 의존성 확인) | J56: ( O, X )
A57: HLM-004 | B57: 측정데이터 전송 (자동모드) | C57: 1. AP를 연결한다. 2. HDR(Server)을 연결한다. 3. 사용자 설정에서 NETWORK -Trans. Type(전송모드)를 Auto(자동)으로 설정한다. 4. 측정화면에서 측정렌즈를 LENS cap 위에 올려 두고 데이터를 측정한다. 5. 화면에 프린트 버튼을 touch 한다. 6. HDR (Server)가 모두 연결된 경우, 팝업창이 뜨지 않고 데이터가 전송되는지 확인한다. - 1대 이상 연결된 경우, 모두 연결된 상태확인 - 여러대 중 1~2대 연결이 끊어진 상태확인 (전송모드가 자동이어도, HDR network connect 팝업창이 떠야 정상) 7. HDR( Server )에서 데이터를 수신 확인한다. 8. 전송 이후, AP 또는 Server 연결이 끊어지는지 확인한다. | D57: 1. 데이터 전송 성공 2. 데이터 전송 실패시 에러메세지 확인( DR(Server)와 끊어짐 상태 표시 또는 전송실패 표시 ) 3. 실패 이후 재전송 성공 | E57: TC-HLM-004 | F57: 테스트대상 구성 : - HLM 1대 테스트환경 구성 : - AP(2.4GHz) 1대 - HDR-9000 1대 | G57: 1. AP 연결 및 인증 확인(HLM-001) 2. Server 연결 확인(HLM-002, HDR에 연결) 3. SETUP 화면- NETWORK -Trans. Type을 Auto로 설정. 4. 측정렌즈를 HLM의 LENS cap 위에 안착(측정화면 과녁에서 + 가 최대크기가 되는 지점에서). 5. 측정화면의 우측하단의 프린터 아이콘을 터치. | H57: HDR (Server)가 모두 연결된 경우 > HDR network connect 팝업창 없이 데이터 전송 확인 HDR (Server)가 모두 연결되지 않은 경우 > HDR network connect 팝업창 뜨고 데이터 전송 확인? 두가지 경우의 수 모두 시험?(TBD) | I57: 전송 모드는 수동/자동 각각 설정하여 테스트 진행 측정 모드는 모드별로 테스트 진행 | J57: ( O, X )
A58: HLM-005 | B58: Server 재연결 시 복구 | C58: 1. AP를 연결한다. 2. HDR(Server)을 연결한다. 3. 연결을 확인한 후, 임의의 Server의 AP 연결을 끊는다. 4. 임의의 Server AP 재접속을 진행한다. 5. HLM에서 끊어짐 표시를 확인한 후 데이터를 측정한다. 6. 데이터를 전송한다. 7. 전송목록에서 연결이 끊어진 Server의 아이콘 상태를 확인한다. 8. 아이콘을 눌러 재접속을 진행한 후 데이터를 전송한다. 9. Server에서 데이터를 수신 확인한다. | D58: 1. Server 접속상태 표시 2. Server와의 접속상태를 갱신하고, 데이터 전송 성공 3. 데이터 전송 실패시 에러메세지 확인( DR(Server)와 끊어짐 상태 표시 또는 전송실패 표시 ) 4. 실패 이후 재전송 성공 | E58: TC-HLM-005 | F58: 테스트대상 구성 : - HLM 1대 테스트환경 구성 : - AP(2.4GHz) 1대 - HDR-9000 1대 | G58: 1. AP 연결 및 인증 확인(HLM-001) 2. Server 연결 확인(HLM-002, HDR에 연결) 3. SETUP 화면- NETWORK -Trans. Type을 Auto로 설정. 4. 측정렌즈를 HLM의 LENS cap 위에 안착(측정화면 과녁에서 + 가 최대크기가 되는 지점에서). 5. 측정화면으로 이동 | H58: 측정화면의 우측상단 Wi-Fi & HDR 정상연결 상태확인(아래의 범례와 같은 상태) 범례 *Wi-Fi 아이콘(정상 연결상태): 파란색으로 RSSI 신호세기 표기, 우하단심볼 미표기 *HDR 아이콘(정상 연결상태) : 파란색톤 DR 아이콘 표기, 우상단심볼 미표기 | I58: 전송 모드는 수동/자동 각각 설정하여 테스트 진행 측정 모드는 모드별로 테스트 진행 Server는 최소 1개, 최대 4개 늘려가면서 테스트 진행 | J58: ( O, X )
G59: 1. OP QC Settings 화면 진입(OP 홈 화면에서 Shift+MENU 터치) 2. OP QC Settings 화면의 "Commnunication 탭"의 Connection 항목을 OFF로 터치. 3. OP QC Settings 화면의 OK 터치 | H59: 측정화면에서 우측상단에서 *HDR 아이콘(미연결상태) 확인. 범례 *HDR 아이콘(미연결상태) : 파란색톤 아이콘 표기, 우상단심볼 X 표기 | J59: ( O, X )
G60: 1. 측정화면의 우측하단의 프린터 아이콘을 터치. | H60: HDR network connect 모달 시현확인 | J60: ( O, X )
G61: 1. OP QC Settings 화면 진입(OP 홈 화면에서 Shift+MENU 터치) 2. OP QC Settings 화면의 "Commnunication 탭"의 Connection 항목을 ON으로 터치. 3. OP QC Settings 화면의 OK 터치 | H61: OP 홈 화면 시현확인 | J61: ( O, X )
G62: 1. 측정화면의 "HDR 재연결 시도 아이콘" 터치 | H62: 측정화면의 HDR network connect 모달에서 "HDR 재연결 시도 아이콘" 이 "HDR 연결완료 아이콘" 으로 변경 확인 | J62: ( O, X )
G63: 1. 측정화면의 HDR network connect 모달에서 OK 터치 2. 측정화면의 우측하단의 프린터 아이콘을 터치. 3. OP Basic Operation 화면 진입(OP 홈 화면에서 Basic Operation 터치) 4. OP 키보드의 LOAD 버튼 터치 5. OP Basic Operation 화면 좌측상단 LOAD DATA의 LM 버튼 터치 | H63: 측정화면 좌측상단 차트번호와 OP Basic Operation 화면 좌측상단 LOAD DATA의 차트번호 비교결과, 측정화면 차트번호가 1이 더 큰지 확인 | J63: ( O, X )
G64: 1. OP Basic Operation 화면 좌측상단 LOAD DATA의 차트번호 터치 | H64: 측정화면 L, R 데이터와 OP Basic Operation 화면 상단중간 데이터 비교결과, S(SPH)의 수치가 일치 상태확인(TBD. STEP 디옵터 설정 의존성 확인) | J64: ( O, X )
A65: HLM-006 | B65: 장비 재부팅 시 복구 | C65: 1. AP를 연결한다. 2. HDR(Server)을 연결한다. 3. 연결을 확인한 후, 장비의 전원을 off 한다. 4. 장비의 전원을 on 한다. 5. AP / HDR(Server) 재접속 여부를 확인한다. 6. 재접속이 되지않은경우, 수동으로 재접속을 진행한다. 7. 데이터를 측정한다. 8. Server에서 데이터를 수신 확인한다. | D65: 1. 데이터 전송 성공 2. 데이터 전송 실패시 에러메세지 확인( DR(Server)와 끊어짐 상태 표시 또는 전송실패 표시 ) 3. 실패 이후 재전송 성공 | E65: TC-HLM-006 | F65: 테스트대상 구성 : - HLM 1대 테스트환경 구성 : - AP(2.4GHz) 1대 - HDR-9000 1대 | G65: 1. AP 연결 및 인증 확인(HLM-001) | H65: HLM 장비 화면이 꺼짐을 확인 | I65: 전송 모드는 수동/자동 각각 설정하여 테스트 진행 측정 모드는 모드별로 테스트 진행 Server는 최소 1개, 최대 4개 늘려가면서 테스트 진행 | J65: ( O, X )
G66: 1. 측정렌즈를 HLM의 LENS cap 위에서 제거한다 2. HLM 장비 스위치 ON 3. HLM 장비 부팅 및 Wi-Fi & HDR 재연결시도 대기 | H66: 측정화면의 우측상단 Wi-Fi & HDR 정상연결 상태확인(아래의 범례와 같은 상태) 범례 *Wi-Fi 아이콘(정상 연결상태): 파란색으로 RSSI 신호세기 표기, 우하단심볼 미표기 *HDR 아이콘(정상 연결상태) : 파란색톤 DR 아이콘 표기, 우상단심볼 미표기 | J66: ( O, X )
G67: 1. 측정렌즈를 HLM의 LENS cap 위에 안착(측정화면 과녁에서 + 가 최대크기가 되는 지점에서) 2. 측정화면의 우측하단의 프린터 아이콘을 터치 3. OP Basic Operation 화면 진입(OP 홈 화면에서 Basic Operation 터치) 4. OP 키보드의 LOAD 버튼 터치 5. OP Basic Operation 화면 좌측상단 LOAD DATA의 LM 버튼 터치 | H67: 측정화면 좌측상단 차트번호와 OP Basic Operation 화면 좌측상단 LOAD DATA의 차트번호 비교결과, 측정화면 차트번호가 1이 더 큰지 확인 | J67: ( O, X )
G68: 1. OP Basic Operation 화면 좌측상단 LOAD DATA의 차트번호 터치 | H68: 측정화면 L, R 데이터와 OP Basic Operation 화면 상단중간 데이터 비교결과, S(SPH)의 수치가 일치 상태확인(TBD. STEP 디옵터 설정 의존성 확인) | J68: ( O, X )
A69: HTR-001 | B69: AP 연결 및 인증 확인 | C69: 1. AP를 스캔 / 선택 한다. 2. AP 의 ID/Password 를 입력하고, 인증한다. 3. 인증 확인 메시지를 확인한다. | D69: 1. 연결 가능한 AP 목록 (SSID/RSSI 순서) 2. AP 연결 성공 3. AP 인증 성공 | E69: TC-HTR-001 | F69: 테스트대상 구성 : - HTR 1대 테스트환경 구성 : - AP(2.4GHz) 1대 | G69: 1. Setup 화면 진입(홈 화면의 우측하단 Gear 아이콘 터치) 2. Setup 화면-Commnunication 탭-2 페이지으로 이동 3. AP SSID 입력 ex> MER**** 4. Scan 버튼 터치 5. 연결 가능한 AP List가 모달로서 시현 | H69: AP List에 SETUP 화면에 RSSI 신호강도가 강한 순에서 작은 순으로 SSID가 배치확인 | I69: 2.4GHz, 5GHz AP 에서 각각 수행 연결 실패시, 에러메세지 확인 최초 연결 후 AP 끊어지는 경우 체크 필요 | J69: ( O, X )
G70: 1. AP Password 입력 2. Verify 버튼 터치 3. AP Password is okay! 모달 시현 대기 4. AP Password is okay! 모달 OK 버튼 터치 | H70: 최초 연결 후 TBD 초 간 AP 끊어짐 없고, 연결관련 에러메세지 없이, 측정화면의 우측상단 Wi-Fi & HDR 정상연결 상태확인(아래의 범례와 같은 상태) 범례 *Wi-Fi 아이콘(정상 연결상태): 파란색으로 RSSI 신호세기 표기, 우하단심볼 미표기 | J70: ( O, X )
A71: HTR-002 | B71: Server 연결 확인 | C71: 1. AP를 연결한다. 2. HDR IP / Port 를 입력한다. 3. 설정화면을 나와서 HDR(Server) 연결을 확인한다. | D71: 1. DR 연결 성공 2. 실패시 에러메세지 확인 | E71: TC-HTR-002 | F71: 테스트대상 구성 : - HTR 1대 테스트환경 구성 : - AP(2.4GHz) 1대 - HDR-9000 1대 | G71: 1. AP 연결 및 인증 확인(HTR-001) 2. Setup 화면 진입(홈 화면의 우측하단 Gear 아이콘 터치) 3. Setup 화면-IP ADDRESS 탭으로 이동 4. HDR Nickname 입력 ex> HDR9000_1(연결할 Nickname) 5. HDR IP 입력 ex> 192.168.***.***(연결할 HDR IP) 6. HDR Port 입력 ex> 2100(연결할 Port) 7. HDR 연결할 항목에 대한 Checkbox를 터치(V 표기 시현되도록) | H71: 홈 화면의 우측상단 Wi-Fi & HDR 정상연결 상태확인(아래의 범례와 같은 상태) 범례 *Wi-Fi 아이콘 : 회색으로 RSSI 신호세기 표기상태, 우하단심볼 미표기 *DR 아이콘 : 회색으로 DR 표기, 우하단심볼 미표기 | I71: 최소 1개, 최대4개 늘려가면서 연결 시도 이후 모든 전송 테스트도 Server 개수 늘려가면서 진행 | J71: ( O, X )
A72: HTR-003 | B72: 측정데이터 전송(수동모드) | C72: 1. AP를 연결한다. 2. HDR(Server)을 연결한다. 3. 전송모드를 수동으로 설정한다. 4. 데이터를 측정한다. 5. 아이콘을 클릭하여 데이터를 전송한다. 6. HDR( Server )에서 데이터를 수신 확인한다. 7. 전송 이후, AP 또는 Server 연결이 끊어지는지 확인한다. | D72: 1. 데이터 전송 성공 2. 데이터 전송 실패시 에러메세지 확인( DR(Server)와 끊어짐 상태 표시 또는 전송실패 표시 ) 3. 실패 이후 재전송 성공 | E72: TC-HTR-003 | F72: - HTR 1대 - AP(2.4GHz) 1대 - HDR-9000 1대 | G72: 1. 모델아이 장착 2. 홈 화면 좌측상단 RK 선택 3. 조이스틱 수동조작하여 모델아이의 눈동자를 화면 위치로 대략적 배치 4. MANUAL 설정(TBD) 5. 홈 화면 우측상단 START 터치 6. 홈 화면 우측하단 PRINT 터치 7. OP 키보드의 LOAD 버튼 터치 8. OP Basic Operation 화면 좌측상단 LOAD DATA의 RK 버튼 터치 | H72: 홈 화면 좌측상단 차트번호와 OP Basic Operation 화면 좌측상단 LOAD DATA의 차트번호 비교결과, 차트번호가 일치 상태확인 | I72: 측정 모드는 모드별로 테스트 진행 | J72: ( O, X )
G73: 1. OP Basic Operation 화면 좌측상단 LOAD DATA의 차트번호 터치 2. 홈 화면 좌측 Data List 버튼 터치 | H73: 홈 화면 Data List의 데이터와 OP Basic Operation 화면 상단중간 데이터 비교결과, S(SPH)의 수치가 일치 상태확인(TBD. STEP 디옵터 설정 의존성 확인) | J73: ( O, X )
A74: HTR-004 | B74: 측정데이터 전송(자동모드) | C74: 1. AP를 연결한다. 2. HDR(Server)을 연결한다. 3. 전송모드를 자동으로 설정한다. 4. 데이터를 측정한다. 5. 데이터를 전송한다. 6. HDR( Server )에서 데이터를 수신 확인한다. 7. 전송 이후, AP 또는 Server 연결이 끊어지는지 확인한다. | D74: 1. 데이터 전송 성공 2. 데이터 전송 실패시 에러메세지 확인( DR(Server)와 끊어짐 상태 표시 또는 전송실패 표시 ) 3. 실패 이후 재전송 성공 | E74: TC-HTR-004 | F74: - HTR 1대 - AP(2.4GHz) 1대 - HDR-9000 1대 | G74: 1. 모델아이 장착 2. 홈 화면 좌측상단 RK 선택 3. 조이스틱 수동조작하여 모델아이의 눈동자를 화면 위치로 대략적 배치 4. AUTO 설정(TBD) 5. 홈 화면 우측상단 START 터치 6. OP 키보드의 LOAD 버튼 터치 7. OP Basic Operation 화면 좌측상단 LOAD DATA의 RK 버튼 터치 | H74: 홈 화면 좌측상단 차트번호와 OP Basic Operation 화면 좌측상단 LOAD DATA의 차트번호 비교결과, 차트번호가 일치 상태확인 | I74: 측정 모드는 모드별로 테스트 진행 | J74: ( O, X )
G75: 1. OP Basic Operation 화면 좌측상단 LOAD DATA의 차트번호 터치 2. 홈 화면 좌측 Data List 버튼 터치 | H75: 홈 화면 Data List의 데이터와 OP Basic Operation 화면 상단중간 데이터 비교결과, S(SPH)의 수치가 일치 상태확인(TBD. STEP 디옵터 설정 의존성 확인) | J75: ( O, X )
A76: HTR-005 | B76: 이미지(IOL) 촬영 후 전송 | C76: 1. 이미지를 촬영한다. ( 최소1장, 최대4장, OD/OS 무관 ) 2. 데이터를 전송한다. 3. HDR( Server )에서 데이터를 수신 확인한다. 4. 전송 이후, AP 또는 Server 연결이 끊어지는지 확인한다. | D76: 1. 데이터 전송 성공 2. 데이터 전송 실패시 에러메세지 확인( DR(Server)와 끊어짐 상태 표시 또는 전송실패 표시 ) 3. 실패 이후 재전송 성공 4. HDR이 Server 목록에 있더라도 전송 성공 하는지 유무 | E76: TC-HTR-005 | F76: - HTR 1대 - AP(2.4GHz) 1대 - HDR-9000 1대 | G76: 1. 홈 화면 좌측하단 부가기능 아이콘(2x2 Matrix 아이콘, 좌상단 1개 파란색, 나머지 3개 회색) 터치 2. Retro-Illum 터치 3. 조이스틱의 Shot 버튼 누름 | H76: Retro-Illum 화면 하단중간 Image Captured 시현확인 전송된 이미지 데이터 OP하위UI 위치확인필요(TBD) | I76: 같은 환자번호에서, 여러 번 보냈을때 이미지가 덮어쓰여지는지 확인 필요. | J76: ( O, X )
A77: HTR-006 | B77: 이미지( COLOR ) 촬영 후 전송 | C77: 1. 이미지를 촬영한다. ( 최소1장, 최대4장, OD/OS 무관 ) 2. 데이터를 전송한다. 3. HDR( Server )에서 데이터를 수신 확인한다. 4. 전송 이후, AP 또는 Server 연결이 끊어지는지 확인한다. | D77: 1. 데이터 전송 성공 2. 데이터 전송 실패시 에러메세지 확인( DR(Server)와 끊어짐 상태 표시 또는 전송실패 표시 ) 3. 실패 이후 재전송 성공 4. HDR이 Server 목록에 있더라도 전송 성공 하는지 유무 | E77: TC-HTR-006 | F77: - HTR 1대 - AP(2.4GHz) 1대 - HDR-9000 1대 | G77: 1. 홈 화면 좌측하단 부가기능 아이콘(2x2 Matrix 아이콘, 좌상단 1개 파란색, 나머지 3개 회색) 터치 2. Color 터치 3. 조이스틱의 Shot 버튼 누름 | H77: Color View 화면 하단중간 Image Captured 시현확인 전송된 이미지 데이터 OP하위UI 위치확인필요(TBD) | I77: 같은 환자번호에서, 여러 번 보냈을때 이미지가 덮어쓰여지는지 확인 필요. | J77: ( O, X )
A78: HTR-007 | B78: 이미지( TFBUT ) 촬영 후 전송 | C78: 1. 이미지를 촬영한다. ( 최소1장, 최대4장, OD/OS 무관 ) 2. 데이터를 전송한다. 3. HDR( Server )에서 데이터를 수신 확인한다. 4. 전송 이후, AP 또는 Server 연결이 끊어지는지 확인한다. | D78: 1. 데이터 전송 성공 2. 데이터 전송 실패시 에러메세지 확인( DR(Server)와 끊어짐 상태 표시 또는 전송실패 표시 ) 3. 실패 이후 재전송 성공 4. HDR이 Server 목록에 있더라도 전송 성공 하는지 유무 | E78: TC-HTR-007 | F78: - HTR 1대 - AP(2.4GHz) 1대 - HDR-9000 1대 | G78: 1. 홈 화면 좌측하단 부가기능 아이콘(2x2 Matrix 아이콘, 좌상단 1개 파란색, 나머지 3개 회색) 터치 2. TFBUT 터치 3. 조이스틱의 Shot 버튼 누름 4. 조이스틱의 Shot 버튼 누름 | H78: HTR TFBUT 화면 중간하단 Timestamp 멈춤 확인 전송된 이미지 데이터 OP하위UI 위치확인필요(TBD) | I78: 같은 환자번호에서, 여러 번 보냈을때 이미지가 덮어쓰여지는지 확인 필요. Server 가 HIIS-1인 경우, duration time 출력 여부 확인 필요. | J78: ( O, X )
A79: HTR-008 | B79: 이미지( MEIBO ) 촬영 후 전송 | C79: 1. 이미지를 촬영한다. ( 최소1장, 최대4장, OD/OS 무관 ) 2. 데이터를 전송한다. 3. HDR( Server )에서 데이터를 수신 확인한다. 4. 전송 이후, AP 또는 Server 연결이 끊어지는지 확인한다. | D79: 1. 데이터 전송 성공 2. 데이터 전송 실패시 에러메세지 확인( DR(Server)와 끊어짐 상태 표시 또는 전송실패 표시 ) 3. 실패 이후 재전송 성공 4. HDR이 Server 목록에 있더라도 전송 성공 하는지 유무 | E79: TC-HTR-008 | F79: - HTR 1대 - AP(2.4GHz) 1대 - HDR-9000 1대 | G79: 1. 홈 화면 좌측하단 부가기능 아이콘(2x2 Matrix 아이콘, 좌상단 1개 파란색, 나머지 3개 회색) 터치 2. Meibo 터치 3. 조이스틱의 Shot 버튼 누름 | H79: HTR Meibo 화면 하단중간 Image Captured 시현확인 전송된 이미지 데이터 OP하위UI 위치확인필요(TBD) | I79: 같은 환자번호에서, 여러 번 보냈을때 이미지가 덮어쓰여지는지 확인 필요. | J79: ( O, X )
A80: HTR-009 | B80: AP 재부팅 시 복구 | C80: 1. HTR 과 AP를 연결한다. 2. AP 의 전원을 off 한다. 3. HTR에서 AP 연결 끊어짐 상태를 확인한다. 4. AP 의 전원을 on 한다. 5. HTR에서 AP 연결 됨 상태를 확인한다. | D80: 1. AP 와의 연결/끊어짐 상태 표시 2. AP 재부팅 후 자동 재연결 성공 3. AP 재연결 후 AP, IP 정보 갱신 | E80: TC-HTR-009 | F80: - HTR 1대 - AP(2.4GHz) 1대 - HDR-9000 1대 | G80: 1. AP 연결 및 인증 확인(HTR-001) | H80: 홈 화면의 우측상단 Wi-Fi 아이콘이 연결 상태확인(범례와 묘사와 같은 상태, TBD 초간 지속) 범례 *Wi-Fi 아이콘: 회색으로 RSSI 신호세기 표기상태, 우하단심볼 미표기 | J80: ( O, X )
G81: 1. AP 전원 DC 배럴 잭 분리(전원 OFF) 2. Wi-Fi 아이콘 갱신 대기(약 TBD초) | H81: 홈 화면의 우측상단 Wi-Fi 아이콘이 미연결 상태확인(범례의 묘사와 다른 상태) 범례 *Wi-Fi 아이콘: 회색으로 RSSI 신호세기 표기상태, 우하단심볼 미표기 | I81: AP 와 연결된 이후에는 주기적으로 연결 상태확인하고 필요하면 재시도 동작 | J81: ( O, X )
G82: 1. AP 전원 DC 배럴 잭 연결(전원 ON) 2. Wi-Fi 아이콘 갱신 대기(약 TBD초) | H82: 홈 화면의 우측상단 Wi-Fi 아이콘이 연결 상태확인(범례와 묘사와 같은 상태, TBD 초간 지속) 범례 *Wi-Fi 아이콘: 회색으로 RSSI 신호세기 표기상태, 우하단심볼 미표기 | J82: ( O, X )
A83: HTR-010 | B83: Server 재연결 시 복구 | C83: 1. AP를 연결한다. 2. HDR(Server)을 연결한다. 3. 연결을 확인한 후, 임의의 Server의 AP 연결을 끊는다. 4. 임의의 Server AP 재접속을 진행한다. 5. HTR에서 끊어짐 표시를 확인한 후 데이터를 측정한다. 6. 데이터를 전송한다. 7. 전송목록에서 연결이 끊어진 Server의 아이콘 상태를 확인한다. 8. 아이콘을 눌러 재접속을 진행한 후 데이터를 전송한다. 9. Server에서 데이터를 수신 확인한다. | D83: 1. Server 접속상태 표시 2. Server와의 접속상태를 갱신하고, 데이터 전송 성공 3. 데이터 전송 실패시 에러메세지 확인( DR(Server)와 끊어짐 상태 표시 또는 전송실패 표시 ) 4. 실패 이후 재전송 성공 | E83: TC-HTR-010 | F83: - HTR 1대 - AP(2.4GHz) 1대 - HDR-9000 1대 | G83: 1. OP QC Settings 화면 진입(OP 홈 화면에서 Shift+MENU 터치) 2. OP QC Settings 화면의 "Commnunication 탭"의 Connection 항목을 OFF로 터치. 3. OP QC Settings 화면의 OK 터치 | H83: 홈 화면의 우측상단 HDR 아이콘 상태가 우하단심볼 노란색 삼각형과 느낌표 표기확인 | I83: 전송 모드는 수동/자동 각각 설정하여 테스트 진행 측정 모드는 모드별로 테스트 진행 Server는 최소 1개, 최대 4개 늘려가면서 테스트 진행 | J83: ( O, X )
G84: 1. OP QC Settings 화면 진입(OP 홈 화면에서 Shift+MENU 터치) 2. OP QC Settings 화면의 "Commnunication 탭"의 Connection 항목을 ON으로 터치. 3. OP QC Settings 화면의 OK 터치 4. 홈 화면 상단중앙 START 터치 (TBD 전송 중 재연결됨) | H84: Check connection with Server(파란색 통신성공 표기) 비모달 시현확인 후 연달아 Data transfer completed(파란색 통신성공 표기) 비모달 시현확인 | J84: ( O, X )
G85: 1. OP Basic Operation 화면 진입(OP 홈 화면에서 Basic Operation 터치) 2. OP 키보드의 LOAD 버튼 터치 3. OP Basic Operation 화면 좌측상단 LOAD DATA의 RK 버튼 터치 | H85: 홈 화면 좌측상단 차트번호와 OP Basic Operation 화면 좌측상단 LOAD DATA의 차트번호 비교결과, 차트번호가 일치 상태확인 | J85: ( O, X )
G86: 1. OP Basic Operation 화면 좌측상단 LOAD DATA의 차트번호 터치 2. 홈 화면 좌측 Data List 버튼 터치 | H86: 홈 화면 Data List의 데이터와 OP Basic Operation 화면 상단중간 데이터 비교결과, S(SPH)의 수치가 일치 상태확인(TBD. STEP 디옵터 설정 의존성 확인) | J86: ( O, X )
A87: HTR-011 | B87: 장비 재부팅 시 복구 | C87: 1. AP를 연결한다. 2. HDR(Server)을 연결한다. 3. 연결을 확인한 후, 장비의 전원을 off 한다. 4. 장비의 전원을 on 한다. 5. AP / HDR(Server) 재접속 여부를 확인한다. 6. 재접속이 되지않은경우, 수동으로 재접속을 진행한다. 7. 데이터를 측정한다. 8. Server에서 데이터를 수신 확인한다. | D87: 1. 데이터 전송 성공 2. 데이터 전송 실패시 에러메세지 확인( DR(Server)와 끊어짐 상태 표시 또는 전송실패 표시 ) 3. 실패 이후 재전송 성공 | E87: TC-HTR-011 | F87: - HTR 1대 - AP(2.4GHz) 1대 - HDR-9000 1대 | G87: 1. OP QC Settings 화면 진입(OP 홈 화면에서 Shift+MENU 터치) 2. OP QC Settings 화면의 "Commnunication 탭"의 Connection 항목을 ON으로 터치. 3. OP QC Settings 화면의 OK 터치 | H87: 홈 화면의 우측상단 Wi-Fi 아이콘이 연결 상태확인(범례와 묘사와 같은 상태, TBD 초간 지속) 범례 *Wi-Fi 아이콘: 회색으로 RSSI 신호세기 표기상태, 우하단심볼 미표기 | I87: 전송 모드는 수동/자동 각각 설정하여 테스트 진행 측정 모드는 모드별로 테스트 진행 Server는 최소 1개, 최대 4개 늘려가면서 테스트 진행 | J87: ( O, X )
G88: 1. HTR 장비 스위치 OFF 2. TBD 초 이상 대기 3. HTR 장비 스위치 ON | H88: 홈 화면의 우측상단 Wi-Fi & HDR 정상연결 상태확인(아래의 범례와 같은 상태) 범례 *Wi-Fi 아이콘 : 회색으로 RSSI 신호세기 표기상태, 우하단심볼 미표기 *DR 아이콘 : 회색으로 DR 표기, 우하단심볼 미표기 | J88: ( O, X )
G89: 1. 모델아이 장착 2. 홈 화면 좌측상단 RK 선택 3. 조이스틱 수동조작하여 모델아이의 눈동자를 화면 위치로 대략적 배치 4. AUTO 설정(TBD) 5. 홈 화면 우측상단 START 터치 6. OP 키보드의 LOAD 버튼 터치 7. OP Basic Operation 화면 좌측상단 LOAD DATA의 RK 버튼 터치 | H89: 홈 화면 좌측상단 차트번호와 OP Basic Operation 화면 좌측상단 LOAD DATA의 차트번호 비교결과, 차트번호가 일치 상태확인 | J89: ( O, X )
G90: 1. OP Basic Operation 화면 좌측상단 LOAD DATA의 차트번호 터치 2. 홈 화면 좌측 Data List 버튼 터치 | H90: 홈 화면 Data List의 데이터와 OP Basic Operation 화면 상단중간 데이터 비교결과, S(SPH)의 수치가 일치 상태확인(TBD. STEP 디옵터 설정 의존성 확인) | J90: ( O, X )
A91: HDR-001 | B91: AP 연결 및 인증 확인 | C91: 1. AP를 준비한다. 2. HDR에서 AP를 스캔하고, AP 목록을 확인한다. 3. AP 목록에서 AP를 선택하고, Password 를 입력한다. 4. DHCP 를 선택하고 Verify 버튼을 눌러 AP 연결 및 IP주소를 할당받는다. 5. IP 주소, Subnet, Gateway 정보를 확인한다. 6. Static 방식을 선택하고, 다시 Verify 버튼을 눌러 AP 연결을 진행한다. | D91: 1. 연결 가능한 AP 목록 (SSID/RSSI 순서) 2. AP 연결 성공 3. AP 인증 성공 4. IP 주소, Subnet, Gateway 정보 확인 5. DHCP, Static 방식에서 AP 연결 여부 확인 | E91: TC-HDR-001 | F91: - HDR-9000 1대 테스트환경 구성 : - AP(2.4GHz) 1대 | G91: 1. OP QC Settings 화면 진입(OP 홈 화면에서 Shift+MENU 터치) 2. OP QC Settings 화면의 "Commnunication 탭"의 Connection 항목을 ON으로 터치. 3. 돋보기 아이콘(Scan) 터치 | H91: AP List에 SETUP 화면에 RSSI 신호강도가 강한 순에서 작은 순으로 SSID가 배치확인 | I91: 2.4GHz, 5GHz AP 에서 각각 수행 | J91: ( O, X ) | K91: OP QC Settings 화면 진입 위해, OP 홈 화면에서 Shift+MENU 터치 시 간헐적 미인식
G92: 1. AP List에서 연결할 AP SSID 터치(2.4GHz 지원 AP SSID 선택) ex> MER**** 2. AP Password 입력창 터치 및 비밀번호 입력 3. Verify 버튼 터치 4. AP List에서 OK 터치 | H92: 홈 화면의 우측상단 Wi-Fi 아이콘이 연결 상태확인(범례와 묘사와 같은 상태, TBD 초간 지속) 범례 *Wi-Fi 아이콘: 회색으로 RSSI 신호세기 표기상태, 우하단심볼 미표기 | J92: ( O, X )
A93: HDR-002 | B93: AP 재부팅 시 복구 | C93: 1. HDR 과 AP를 연결한다. 2. AP 의 전원을 off 한다. 3. HDR에서 AP 연결 끊어짐 상태를 확인한다. 4. AP 의 전원을 on 한다. 5. HDR에서 AP 연결 됨 상태를 확인한다. | D93: 1. AP 와의 연결/끊어짐 상태 표시 2. AP 재부팅 후 자동 재연결 성공 3. AP 재연결 후 AP, IP 정보 갱신 | E93: TC-HDR-002 | F93: - HDR-9000 1대 - AP(2.4GHz) 1대 | G93: 1. AP 연결 및 인증 확인(HDR-001) | H93: 홈 화면의 우측상단 Wi-Fi 아이콘이 연결 상태확인(범례와 묘사와 같은 상태, TBD 초간 지속) 범례 *Wi-Fi 아이콘: 파란색으로 RSSI 신호세기 표기, 우하단심볼 미표기 | I93: AP 와 연결된 이후에는 주기적으로 연결 상태확인하고 필요하면 재시도 동작 | J93: ( O, X )
G94: 1. AP 전원 DC 배럴 잭 분리(전원 OFF) | H94: 홈 화면의 우측상단 Wi-Fi 아이콘이 미연결 상태확인(범례의 묘사와 다른 상태) 범례 *Wi-Fi 아이콘: 회색으로 RSSI 신호세기 표기상태, 우하단심볼 미표기 | J94: ( O, X )
G95: 1. AP 전원 DC 배럴 잭 연결(전원 ON) | H95: 홈 화면의 우측상단 Wi-Fi 아이콘이 연결 상태확인(범례와 묘사와 같은 상태, TBD 초간 지속) 범례 *Wi-Fi 아이콘: 파란색으로 RSSI 신호세기 표기, 우하단심볼 미표기 | J95: ( O, X )
A96: HDR-003 | B96: 장비 연결 및 데이터 수신(HRK) | C96: 1. HDR 과 AP를 연결한다. 2. HRK 장비에서 HDR IP/PORT 정보를 입력하여, 연결을 진행한다. 3. HDR에서 RK 연결됨 상태를 확인한다. 4. HRK에서 데이터를 전송한다. 5. HDR에서 RK 데이터 수신 확인한다. | D96: 1. AP 연결 상태 표시 2. RK 연결 상태 표시 3. RK 데이터 확인 | E96: TC-HDR-003 | F96: - HDR-9000 1대 - AP(2.4GHz) 1대 - HRK 1대 | G96: 1. HRK-004(TEST ID)을 수행한다. | H96: HRK-004(TEST ID)의 Actual Result와 동등한 결과를 확인한다. | I96: 장비가 여러개인경우 동시 데이터 전송 테스트 필요 | J96: ( O, X )
A97: HDR-004 | B97: 장비 연결 및 데이터 수신(HLM) | C97: 1. HDR 과 AP를 연결한다. 2. HLM 장비에서 HDR IP/PORT 정보를 입력하여, 연결을 진행한다. 3. HDR에서 LM 연결됨 상태를 확인한다. 4. HLM에서 데이터를 전송한다. 5. HDR에서 LM 데이터 수신 확인한다. | D97: 1. AP 연결 상태 표시 2. LM 연결 상태 표시 3. LM 데이터 확인 | E97: TC-HDR-004 | F97: - HDR-9000 1대 - AP(2.4GHz) 1대 - HLM 1대 | G97: 1. HLM-004(TEST ID)을 수행한다. | H97: HLM-004(TEST ID)의 Actual Result와 동등한 결과를 확인한다. | I97: 장비가 여러개인경우 동시 데이터 전송 테스트 필요 | J97: ( O, X )
A98: HDR-005 | B98: 장비 연결 및 데이터 수신(HTR) | C98: 1. HDR 과 AP를 연결한다. 2. HTR 장비에서 HDR IP/PORT 정보를 입력하여, 연결을 진행한다. 3. HDR에서 RK 연결됨 상태를 확인한다. 4. HLM에서 데이터를 전송한다. 5. HDR에서 RK 데이터 수신 확인한다. | D98: 1. AP 연결 상태 표시 2. RK 연결 상태 표시 3. RK 데이터 확인 | E98: TC-HDR-005 | F98: - HDR-9000 1대 - AP(2.4GHz) 1대 - HTR 1대 | G98: 1. HTR-004(TEST ID)을 수행한다 | H98: HTR-004(TEST ID)의 Actual Result와 동등한 결과를 확인한다. | I98: HTR의 경우, NT 데이터도 함께 전송하는 케이스도 테스트 필요. 장비가 여러개인경우 동시 데이터 전송 테스트 필요 | J98: ( O, X )
A99: HDR-006 | B99: 장비 재연결 시 복구 | C99: 1. AP를 연결한다. 2. HRK/HLM/HTR 장비에서 HDR IP/PORT 정보를 입력하여, 연결을 진행한다. 3. HDR에서 RK/LM 연결됨 상태를 확인한다. 3. HRK/HLM/HTR 의 전원을 off 한다. 4. HRK/HLM/HTR 의 전원을 on 하고, AP, HDR 을 연결한다. 5. HRK/HLM/HTR에서 데이터를 전송한다. 6. HDR에서 RK/LM 데이터 수신 확인한다. | D99: 1. AP 연결상태 표시 2. RK / LM 연결 상태 표시 3. RK / LM 데이터 확인 | E99: TC-HDR-006 | F99: - HDR-9000 1대 - AP(2.4GHz) 1대 - HRK 1대 - HLM 1대 - HTR 1대 | G99: 1. AP 연결 및 인증 확인(HDR-001) 2. HTR-003(TEST ID)을 수행한다 3. HTR-004(TEST ID)을 수행한다 4. HTR-005(TEST ID)을 수행한다 3. HRK/HLM/HTR의 전원을 각각 OFF 한다. 4. OP Basic Operation 화면 진입(OP 홈 화면에서 Basic Operation 터치) | H99: OP Basic Operation 화면 우측상단 연결된 장비들의 아이콘의 미연결 상태확인(아래의 범례와 같은 상태) 범례 *Wi-Fi 아이콘(정상 연결상태): 파란색으로 RSSI 신호세기 표기, 우하단심볼 미표기 *HRK 아이콘(미연결상태) : 회색톤 RK 아이콘 표기, 좌하단심볼 X 표기 *HLM 아이콘(미연결상태) : 회색톤 LM 아이콘 표기, 좌하단심볼 X 표기 *HTR 아이콘(미연결상태) : 회색톤 TR(TBD) 아이콘 표기, 좌하단심볼 X 표기 TBD: 동시 여러 개에 대한 테스트는 하였음. 베타적으로 장비 전원 OFF 시 하나씩 테스트도 필요한가? | I99: 장비 전원 OFF 시 하나씩 또는 동시 여러 개에 대한 테스트도 필요 | J99: ( O, X )
E100: TC- | G100: 1. HRK/HLM/HTR 의 전원을 ON 한다. | H100: OP Basic Operation 화면 우측상단 연결된 장비들의 아이콘의 정상연결 상태확인(아래의 범례와 같은 상태) 범례 *Wi-Fi 아이콘(정상 연결상태): 파란색으로 RSSI 신호세기 표기, 우하단심볼 미표기 *HRK 아이콘(정상 연결상태) : 파란색톤 RK 아이콘 표기, 우상단심볼 미표기 *HLM 아이콘(정상 연결상태) : 파란색톤 LM 아이콘 표기, 우상단심볼 미표기 *HTR 아이콘(정상 연결상태) : 파란색톤 TR(TBD) 아이콘 표기, 우상단심볼 미표기 | I100: 전원 OFF (TBD 의미확인필요, 오입력 일 수 있음.) | J100: ( O, X )
...

Sheet Test Configs
A1: CONFIG_ID | B1: 설정명 | C1: 제조사 | D1: 제품별칭 | E1: 모델명( "_" + sub_component) | F1: S/W Version | G1: Firmware version | H1: Test Config Procedure | I1: Test Config Procedure Actual Result(재현 판단 기준) | J1: Examples to Avoid in STR | K1: TBD(To Be Determind, 협의사항) | L1: Study & Questions
A2: TC_CONFIG-HRK-001-WIFI-001-2_4GHz | C2: Huvitz | D2: 불필요 | E2: HRK-9000A | F2: TBD
C3: Huvitz | D3: 불필요 | E3: HLM-9000 | F3: TBD
C4: Huvitz | D4: 불필요 | E4: HTR-…(TBD) | F4: TBD | K4: TBD : HTR의 모델명 정보 확인방법
C5: Huvitz | D5: 불필요 | E5: HDR-9000_OP | F5: TBD
C6: Huvitz | D6: 불필요 | E6: HDR-9000_JUNCTION_BOX | F6: 1.0.5(TBD)
C7: Huvitz | D7: 불필요 | E7: HDR-9000_? | F7: TBD
C8: Huvitz | D8: 불필요 | E8: HDC-9100
C9: MERCUSYS | D9: 시험용 Router | E9: MR30G | F9: TBD
C10: MERCUSYS | D10: 시험용 Router | E10: MR30G | H10: 1. http://{router_ip} http://192.168.0.1 또는 http://192.168.1.1 공유기 하단 라벨 참고 2. SSID 설정 | I10: Smart Connect: Off or Band Steering: Off SSID 분리표기확인 2.4GHz : xxxxx 5GHz : xxxxx_5G | J10: Smart Connect: On가 아님 or Band Steering: On가 아님 | K10: TBD : 설정 및 설정완료확인방법(Wi-Fi Band에 대한 SSID 분리) 2.4GHz : xxxxx 5GHz : xxxxx_5G | L10: 2.4GHz : xxxxx (_2_4G 접미사 붙이면 명시적) 5GHz : xxxxx_5G
C11: MERCUSYS | D11: 시험용 Router | E11: MR30G | H11: Wireless / Channel | I11: 2.4GHz Channel → 1 / 6 / 11 5GHz Channel → 36 / 40 / 44 / 48 | J11: Channel: Auto가 아님 | K11: TBD : 설정 및 설정완료확인방법(Wi-Fi Channel) 2.4GHz : 1, 6 , 11 을 실무적으로 추천 5GHz : 36, 40, 44, 48 채널고정 (DFS 채널 회피) | L11: TBD 2.4GHz : 1, 6 , 11 을 실무적으로 추천 5GHz : 36, 40, 44, 48 채널고정 (DFS 채널 회피)
C12: MERCUSYS | D12: 시험용 Router | E12: MR30G | H12: Channel Width / Bandwidth | I12: 20MHz | J12: Bandwidth: Auto가 아님 | K12: TBD : 설정 및 설정완료확인방법(Channel Bandwidth) 20MHz | L12: 20MHz: 좁지만 안정적, 호환성 좋음 40MHz / 80MHz / 160MHz: 빠르지만 호환성 떨어질 TBD 20MHz 사용필요, RS9116 지원 Channel Bandwidth. RS9116 내장 Huvitz 제품군 고려필요? RS9116 내장 Huvitz 제품과 Router 호환성 고려필요?
C13: MERCUSYS | D13: 시험용 Router | E13: MR30G | H13: Wireless Mode | I13: 802.11 b/g/n mixed 또는 802.11 a/b/g/n mixed | J13: Mode: Auto가 아님 802.11ax only가 아님 WiFi 6 only가 아님 WiFi 6 mixed with WPA3가 아님 | K13: TBD : 설정 및 설정완료확인방법(Wi-Fi Wireless Mode) 802.11 a/b/g/n mixed | L13: 802.11b/g/n = Wi-Fi 4 구형 호환 좋음 802.11ac = Wi-Fi 5 802.11ax = Wi-Fi 6 802.11be = Wi-Fi 7 TBD 802.11 b/g/n mixed 또는 802.11 a/b/g/n mixed
C14: MERCUSYS | D14: 시험용 Router | E14: MR30G | H14: WPA2-Personal AES | J14: WPA3가 아님 WPA2/WPA3 mixed가 아님 TKIP가 아님 Enterprise가 아님 | K14: TBD : 설정 및 설정완료확인방법(Wifi Security) WPA2 WPA2-Personal Encryption: AES | L14: TBD WPA2 WPA2-Personal Encryption: AES
C15: Huvitz | D15: 렌즈 측정 모의용 장치 | E15: Lens TBD(x mm), | F15: - | G15: - | K15: TBD : 장비 모델명
C16: Huvitz | D16: 눈 검사 모의용 장치 | E16: 모델아이 TBD | F16: - | G16: - | K16: TBD : 장비 모델명
C17: Huvitz | D17: HDR 전원 공급용 케이블 | E17: Junction Box Power Cable | F17: - | G17: - | K17: TBD : 장비 모델명
C18: Huvitz | D18: HDC 전원 공급용 케이블 | E18: HDC Power Cable | F18: - | G18: - | K18: TBD : 장비 모델명
C19: Huvitz | D19: HLM 전원 공급용 케이블 | E19: HLM Power Cable : L-form Power Cable | F19: - | G19: - | K19: TBD : 장비 모델명
C20: Huvitz | D20: HDR 전원 및 신호 공급용 케이블 | E20: OP Signal and Power Cable | F20: - | G20: - | K20: TBD : 장비 모델명
C21: Huvitz | D21: HDR 전원 및 신호 공급용 케이블 | E21: HDR Signal and Power Cable | F21: - | G21: - | K21: TBD : 장비 모델명

Sheet Connectivity Room Routers
A1: 제조사 | B1: 제품별칭 | C1: 모델명 | D1: 일련번호 | E1: Purpose of Use | F1: Input | G1: Default SSID(5GHz) | H1: Default SSID(2.4GHz) | I1: Default Password | J1: Installed Location(Last Location) | K1: Installed Date | L1: Sticker Labeled | M1: First Connection Tested | N1: 비고
A2: ASUS | B2: Wireless Dual Band WiFi 6 Router | C2: RT-AX1800S V2 | D2: W1IG758026888HD | E2: 미국 현지 네트워크 환경 모의 | F2: 12V, 1.5A | G2: ASUS_F6 | H2: ASUS_F6 | I2: 11708421 | J2: /6th/Connectivity Room/4th_rack_black/TODO | K2: 46148 | L2: TODO | M2: TODO | N2: Quick Wi-Fi Connect QR Code
A3: NETGEAR | B3: Nighthawk AXE11000 Tri-Band WiFi 6E Router | C3: RAXE500 | D3: 6TA53B7HD00EE | E3: 미국 현지 네트워크 환경 모의 | F3: 19V, 3.16A | G3: NETGEAR11 | H3: NETGEAR11 | I3: basicbird145 | J3: /6th/Connectivity Room/4th_rack_black/TODO | K3: 46148 | L3: TODO | M3: TODO
A4: NETGEAR | B4: AC1200 WiFi Router | C4: R6120 | D4: 64E226B3A225B | E4: 미국 현지 네트워크 환경 모의 | F4: 12V, 1.5A | G4: NETGEAR56 | H4: NETGEAR56 | I4: fuzzyphoenix865 | J4: /6th/Connectivity Room/4th_rack_black/TODO | K4: 46148 | L4: TODO | M4: TODO
A5: Tenda | B5: Dual-Band Gigabit Wi-Fi 6 Router | C5: RX2 Pro | D5: ED681011551001002 V1.0 | E5: 미국 현지 네트워크 환경 모의 | F5: 12V, 1A | G5: Tenda_EFFAA0 | H5: Tenda_EFFAA0 | I5: 14796449 | J5: /6th/Connectivity Room/4th_rack_black/TODO | K5: 46148 | L5: TODO | M5: TODO
A6: TP-link | B6: AX1800 Gigabit Wi-Fi 6 Router | C6: Archer AX1800(USW) Ver:4.6 | D6: Y233061F00520 | E6: 미국 현지 네트워크 환경 모의 | F6: 12V, 1.5A | G6: TB-Link_A2B2_5G | H6: TB-Link_A2B2 | I6: 38042966 | J6: /6th/Connectivity Room/4th_rack_black/TODO | K6: 46148 | L6: TODO | M6: TODO | N6: JOIN PRESET Wi-Fi QR CODE Default Setup Link : http://tplinkwifi.net
A7: TP-link | B7: AX1500 Wi-Fi 6 Router | C7: Archer AX10 | D7: Y258005000560 | E7: 미국 현지 네트워크 환경 모의 | F7: 12V, 1A | G7: TB-Link_35E8_5G | H7: TB-Link_35E8 | I7: 24795388 | J7: /6th/Connectivity Room/4th_rack_black/TODO | K7: 46148 | L7: TODO | M7: TODO
A8: MERCUSYS | B8: TODO | C8: MR30G | D8: 2232318003141

Sheet Test Configs (2)
A1: Test Config ID | B1: 시험환경별칭 | C1: 시험대상 | D1: 시험환경 | E1: 시험조건 | F1: TBD(To Be Determined, 협의사항) | G1: 결정사항
A5: Firmware version | B5: Test Config Procedure | C5: Test Config Procedure Actual Result(재현 판단 기준) | D5: Examples to Avoid in STR | E5: TBD(To Be Determind, 협의사항) | F5: Study & Questions
E8: TBD : HTR의 모델명 정보 확인방법
B13: Router Test Case Procedure
A14: AP 설정 및 구성 | B14: 1. http://{router_ip} http://192.168.0.1 또는 http://192.168.1.1 공유기 하단 라벨 참고 2. SSID 설정 | C14: Smart Connect: Off or Band Steering: Off SSID 분리표기확인 2.4GHz : xxxxx 5GHz : xxxxx_5G | D14: Smart Connect: On가 아님 or Band Steering: On가 아님 | E14: TBD : 설정 및 설정완료확인방법(Wi-Fi Band에 대한 SSID 분리) 2.4GHz : xxxxx 5GHz : xxxxx_5G | F14: 2.4GHz : xxxxx (_2_4G 접미사 붙이면 명시적) 5GHz : xxxxx_5G | J14: 시험환경구성절차_재현판단기준
B15: 1. TBD(Wireless / Channel) | C15: 2.4GHz Channel → 1 / 6 / 11 5GHz Channel → 36 / 40 / 44 / 48 | D15: Channel: Auto가 아님 | E15: TBD : 설정 및 설정완료확인방법(Wi-Fi Channel) 2.4GHz : 1, 6 , 11 을 실무적으로 추천 5GHz : 36, 40, 44, 48 채널고정 (DFS 채널 회피) | F15: TBD 2.4GHz : 1, 6 , 11 을 실무적으로 추천 5GHz : 36, 40, 44, 48 채널고정 (DFS 채널 회피)
B16: 1. TBD(Channel Width / Bandwidth) | C16: 20MHz | D16: Bandwidth: Auto가 아님 | E16: TBD : 설정 및 설정완료확인방법(Channel Bandwidth) 20MHz | F16: 20MHz: 좁지만 안정적, 호환성 좋음 40MHz / 80MHz / 160MHz: 빠르지만 호환성 떨어질 TBD 20MHz 사용필요, RS9116 지원 Channel Bandwidth. RS9116 내장 Huvitz 제품군 고려필요? RS9116 내장 Huvitz 제품과 Router 호환성 고려필요?
B17: 1. TBD(Wireless Mode) | C17: 802.11 b/g/n mixed 또는 802.11 a/b/g/n mixed | D17: Mode: Auto가 아님 802.11ax only가 아님 WiFi 6 only가 아님 WiFi 6 mixed with WPA3가 아님 | E17: TBD : 설정 및 설정완료확인방법(Wi-Fi Wireless Mode) 802.11 a/b/g/n mixed | F17: 802.11b/g/n = Wi-Fi 4 구형 호환 좋음 802.11ac = Wi-Fi 5 802.11ax = Wi-Fi 6 802.11be = Wi-Fi 7 TBD 802.11 b/g/n mixed 또는 802.11 a/b/g/n mixed
B18: 1. TBD(WPA2-보안) 2. Personal 3. AES | D18: WPA3가 아님 WPA2/WPA3 mixed가 아님 TKIP가 아님 Enterprise가 아님 | E18: TBD : 설정 및 설정완료확인방법(Wifi Security) WPA2 WPA2-Personal Encryption: AES | F18: TBD WPA2 WPA2-Personal Encryption: AES
A19: - | E19: TBD : 장비 모델명
A20: - | E20: TBD : 장비 모델명
A21: - | E21: TBD : 장비 모델명
A22: - | E22: TBD : 장비 모델명
A23: - | E23: TBD : 장비 모델명
A24: - | E24: TBD : 장비 모델명
A25: - | E25: TBD : 장비 모델명

Sheet Test Cases (2)
A1: Test Senario ID | B1: 테스트 항목 | C1: 테스트 절차 | D1: 기대 결과 | E1: Test Case ID | F1: Test Config ID | G1: Test Procedure | H1: Test Procedure Actual Result(재현 판단 기준) | I1: 비고 | J1: 결과 판정 | K1: 특이사항
A2: HRK-001 | B2: AP 연결 및 인증 확인 | C2: 1. 사용자 설정에서 WIFI - BAND를 2.4GHz / 5GHz 선택한다. 2. AP SSID 스캔을 위해 SCAN버튼을 touch한다. 3. AP List 모달(팝업)에서 사용할 AP를 터치. 4. AP 의 ID/Password 를 입력하고, Verify 버튼을 touch한다. 5. 인증 확인 메시지를 확인한다. - 성공시: AP Password is okay! - 실패시: Error code 확인 | D2: 1. 연결 가능한 AP 목록 (SSID/RSSI 순서) 2. AP 연결 성공 3. AP 인증 성공 | E2: TC-HRK-001-WIFI-001 | F2: 테스트대상 구성 (장비 대수, S/W Version): - HRK-9000A (1대, 1.01.01A) 테스트환경 구성 : - AP(2.4GHz Band) 1대 | G2: 1. SETUP MODE 화면으로 진입(홈 화면 우측 하단 톱니바퀴 아이콘 터치) 2. SETUP MODE 화면-2 페이지-WIFI 탭 으로이동 3. BAND 항목을 2.4GHz로 터치 4. SCAN 버튼 터치. | H2: AP List에 SETUP 화면에 RSSI 신호강도가 강한 순에서 작은 순으로 SSID가 배치확인 | I2: 2.4GHz, 5GHz AP 에서 각각 수행 연결 실패시, 에러메세지 확인 최초 연결 후 AP 끊어지는 경우 체크 필요 | J2: 1. HDR / 1) 1대 / 2) 2대 / 2. HIIS / 3. MATE / | K2: SETUP MODE 화면 진입 위해 "홈 화면 우측 하단 톱니바퀴 아이콘 터치" 시 간헐적 미인식
G3: 1. AP List 모달(팝업)에서 사용할 AP를 터치. | H3: SETUP MODE 화면-2 페이지-WIFI 탭 의 AP SSID 항목에 선택한 SSID 가 시현
G4: 1. AP Password 입력 2. Verify 버튼 터치 3. AP Password is okay! 모달 시현 대기 4. AP Password is okay! 모달 OK 버튼 터치 | H4: 최초 연결 후 TBD 초 간 AP 끊어짐 없고, 연결관련 에러메세지 없이, 측정화면의 우측상단 Wi-Fi & HDR 정상연결 상태확인(아래의 범례와 같은 상태) 범례 *Wi-Fi 아이콘(정상 연결상태): 파란색으로 RSSI 신호세기 표기, 우하단심볼 미표기
A5: HRK-002 | B5: Server 연결 확인 | C5: 1. AP를 연결한다. 2. 사용자 설정에서 HDR IP / Port 를 입력한다. (port (default: 42000)) 3. 사용자 설정을 나와서 HDR(Server) 연결을 확인한다. 4. 오른쪽 위 상단의 ICON 확인 - 제품 4대 연결 가능. (HDR / HRK-Mate / HIIS) - 연결 성공 O, 연결 실패 X로 icon 위에 표시 (모두 연결시 O/X 표시 안함.) | D5: 1. DR 연결 성공 | E5: TC-HRK-002-WIFI-001 | F5: 테스트대상 구성 (장비 대수, S/W Version): - HRK-9000A (1대, 1.01.01A) 테스트환경 구성 : - AP(2.4GHz Band) 1대 - HDR-9000 1대 | G5: 1. AP 연결 및 인증 확인(HRK-001) 2. SETUP MODE 화면으로 진입(홈 화면 우측 하단 톱니바퀴 아이콘 터치) 3. SETUP MODE 화면-2 페이지-HDR IP 1탭으로 이동 4. HDR Nickname 입력 ex> HDR9000_1(연결할 Nickname) 5. HDR IP 입력 ex> 192.168.***.***(연결할 HDR IP) 6. HDR Port 입력 ex> 42000(연결할 Port) 7. HDR 연결할 항목에 대한 Checkbox를 터치(V 표기 시현되도록) | H5: 홈 화면의 우측상단 Wi-Fi & HDR 정상연결 상태확인(아래의 범례와 같은 상태) 범례 *Wi-Fi 아이콘 : 회색으로 RSSI 신호세기 표기상태, 좌상단심볼 미표기 *DR 아이콘 : 회색으로 DR 표기, 좌상단심볼 미표기 | I5: 최소 1개, 최대4개 늘려가면서 연결 시도 이후 모든 전송 테스트도 Server 개수 늘려가면서 진행 | J5: 1. HDR / 1) 1대 / 합 2) 2대 / 2. HIIS / 3. MATE /
A6: HRK-003 | B6: 측정데이터 전송(수동모드) | C6: 1. AP를 연결한다. 2. HDR(Server)을 연결한다. 3. 사용자 설정에서 TRANSFER TYPE(전송모드)를 수동(Manual)으로 설정한다. 4. REF / KER 측정 모드에서 데이터를 측정한다. 5. 프린트 버튼을 누르거나, 화면에 프린트 버튼을 touch 한다. 6. HDR network connect 팝업창에서 HDR (server) 버튼을 touch하여, 데이터를 전송한다. 7. HDR( Server )에서 데이터를 수신 확인한다. 8. 전송 이후, AP 또는 Server 연결이 끊어지는지 확인한다. | D6: 1. 데이터 전송 성공 2. 데이터 전송 실패시 에러메세지 확인( DR(Server)와 끊어짐 상태 표시 또는 전송실패 표시 ) 3. 실패 이후 재전송 성공 | E6: TC-HRK-003-WIFI-001 | F6: 테스트대상 구성 (장비 대수, S/W Version): - HRK-9000A (1대, 1.01.01A) 테스트환경 구성 : - AP(2.4GHz Band) 1대 - HDR-9000 1대 | G6: 1. AP 연결 및 인증 확인(HRK-001) 2. Server 연결 확인(HRK-002, HDR에 연결) 3. SETUP MODE 화면으로 진입(홈 화면 우측 하단 톱니바퀴 아이콘 터치) 4. SETUP MODE 화면-2 페이지-WIFI 탭으로 이동 5. TRANSFER TYPE를 Manual으로 설정. 6. "REF/KER 측정 MODE 화면"으로 이동(SETUP MODE 화면에서 좌측상단 홈 아이콘 터치) 7. 모델아이 장착 8. 조이스틱 수동조작하여 모델아이의 눈동자를 화면 위치로 대략적 배치 9. "REF/KER 측정 MODE 화면"의 중간상단의 MEASURE 아이콘을 터치 | H6: HRK가 "REF/KER 측정 MODE 화면"에서 모델아이 측정한 상태로 멈춤 확인 | I6: 측정 모드는 모드별로 테스트 진행 | J6: 1. HDR / 1) 1대 / 합 2) 2대 / 2. HIIS / 3. MATE /
G7: 1. "REF/KER 측정 MODE 화면"의 우측하단의 프린터 아이콘을 터치. 2. HDR network connect 팝업창에서 HDR (server) 아이콘을 터치. | H7: "REF/KER 측정 MODE 화면"의 HDR network connect 팝업창에서 HDR (server) 아이콘이 문서교환 아이콘으로 변경시현확인
G8: 1. HDR network connect 팝업창에서 OK 버튼 터치 | H8: HRK가 움직이며 ALIGN CENTER 비모달 시현 후 동공의 CENTER에서 멈춤
G9: 1. OP 키보드의 LOAD 버튼 클릭 2. OP Basic Operation 화면 좌측상단 LOAD DATA의 RK 버튼 터치 | H9: "REF/KER 측정 MODE 화면" 좌측상단 차트번호와 OP Basic Operation 화면 좌측상단 LOAD DATA의 차트번호 비교결과, 측정화면 차트번호가 1이 더 큰지 확인
G10: 1. OP Basic Operation 화면 좌측상단 LOAD DATA의 차트번호 터치 | H10: "REF/KER 측정 MODE 화면"의 중간단의 좌우 R, L 데이터 목록과 OP Basic Operation 화면 상단중간 데이터 비교결과, S(SPH), C(CYLINDER), A(TBD)의 수치가 일치 상태확인(TBD. STEP 디옵터 설정 의존성 확인)
A11: HRK-004 | B11: 측정데이터 전송(자동모드) | C11: 1. AP를 연결한다. 2. HDR(Server)을 연결한다. 3. 사용자 설정에서 TRANSFER TYPE(전송모드)를 자동(Auto)으로 설정한다. 4. REF / KER 측정 모드에서 데이터를 측정한다. 5. 프린트 버튼을 누르거나, 화면에 프린트 버튼을 touch 한다. 6. HDR (Server) 가 모두 연결된 경우, 팝업창이 뜨지 않고 데이터가 전송되는지 확인한다. - 1대 이상 연결된 경우, 모두 연결된 상태확인 - 여러대 중 1~2대 연결이 끊어진 상태확인 (전송모드가 자동이어도, HDR network connect 팝업창이 떠야 정상) 7. HDR( Server )에서 데이터를 수신 확인한다. 8. 전송 이후, AP 또는 Server 연결이 끊어지는지 확인한다. | D11: 1. 데이터 전송 성공 2. 데이터 전송 실패시 에러메세지 확인( DR(Server)와 끊어짐 상태 표시 또는 전송실패 표시 ) 3. 실패 이후 재전송 성공 | E11: TC-HRK-004-WIFI-001 | F11: 테스트대상 구성 (장비 대수, S/W Version): - HRK-9000A (1대, 1.01.01A) 테스트환경 구성 : - AP(2.4GHz Band) 1대 - HDR-9000 1대 | G11: 1. AP 연결 및 인증 확인(HRK-001) 2. Server 연결 확인(HRK-002, HDR에 연결) 3. SETUP MODE 화면으로 진입(홈 화면 우측 하단 톱니바퀴 아이콘 터치) 4. SETUP MODE 화면-2 페이지-WIFI 탭으로 이동 5. TRANSFER TYPE를 Auto로 설정. 6. "REF/KER 측정 MODE 화면"으로 이동(SETUP MODE 화면에서 좌측상단 홈 아이콘 터치) 7. 모델아이 장착 8. 조이스틱 수동조작하여 모델아이의 눈동자를 화면 위치로 대략적 배치 9. "REF/KER 측정 MODE 화면"의 중간상단의 MEASURE 아이콘을 터치 | H11: HRK가 "REF/KER 측정 MODE 화면"에서 모델아이 측정한 상태로 멈춤 확인 | I11: 측정 모드는 모드별로 테스트 진행 | J11: 1. HDR / 1) 1대 / 합 2) 2대 / 2. HIIS / 3. MATE /
G12: 1. "REF/KER 측정 MODE 화면"의 우측하단의 프린터 아이콘을 터치. | H12: "REF/KER 측정 MODE 화면"의 HDR network connect 팝업창이 뜨지 않고, HRK가 움직이며 ALIGN CENTER 비모달 시현 후 동공의 CENTER에서 멈춤
G13: 1. OP 키보드의 LOAD 버튼 클릭 2. OP Basic Operation 화면 좌측상단 LOAD DATA의 RK 버튼 터치 | H13: "REF/KER 측정 MODE 화면" 좌측상단 차트번호와 OP Basic Operation 화면 좌측상단 LOAD DATA의 차트번호 비교결과, 측정화면 차트번호가 1이 더 큰지 확인 TBD - 1대 이상 연결된 경우, 모두 연결된 상태확인 - 여러대 중 1~2대 연결이 끊어진 상태확인 (전송모드가 자동이어도, HDR network connect 팝업창이 떠야 정상)
G14: 1. OP Basic Operation 화면 좌측상단 LOAD DATA의 차트번호 터치 | H14: "REF/KER 측정 MODE 화면"의 중간단의 좌우 R, L 데이터 목록과 OP Basic Operation 화면 상단중간 데이터 비교결과, S(SPH), C(CYLINDER), A(TBD)의 수치가 일치 상태확인(TBD. STEP 디옵터 설정 의존성 확인)
A15: HRK-005 | B15: 이미지(IOL) 촬영 후 전송 | C15: 1. RETRO-ILLUMINATION MODE에 들어간다. 2. 이미지를 촬영한다. - 조이스틱 누르거나, 화면에 CAPTURE touch - 최소1장 ~ 최대4장 capture, OD/OS 무관 3. 프린트 버튼을 눌러 데이터를 전송한다. - Image Transmitting (1/4) : 캡쳐한 이미지 4장중 1장 전송중 - Image Transfer Successful! : 이미지 전송 성공 - Image Transfer Failed! : 이미지 전송 실패 4. 전송이 완료 되면, HDR( Server )에서 데이터를 수신 확인한다. 5. 전송 이후, AP 또는 Server 연결이 끊어지는지 확인한다. | D15: 1. 데이터 전송 성공 2. 데이터 전송 실패시 에러메세지 확인( DR(Server)와 끊어짐 상태 표시 또는 전송실패 표시 ) 3. 실패 이후 재전송 성공 4. HDR이 Server 목록에 있더라도 전송 성공 하는지 유무 | E15: TC-HRK-005-WIFI-001 | F15: 테스트대상 구성 (장비 대수, S/W Version): - HRK-9000A (1대, 1.01.01A) 테스트환경 구성 : - AP(2.4GHz Band) 1대 - HDR-9000 1대 | G15: 1. "REF/KER 측정 MODE 화면"의 좌측하단 부기기능 아이콘(2x2 Matrix 아이콘, 우상단, 좌하단 2개 파란색, 나머지 2개 회색) 터치 2. Retro-ILL 터치 3. HRK 동작 멈출 때까지 대기 4. 조이스틱의 Shot 버튼 누름 | H15: RETRO-ILLUMINATION MODE 화면 하단중간 Image Captured 시현확인 | I15: 같은 환자번호에서, 여러 번 보냈을때 이미지가 덮어쓰여지는지 확인 필요. | J15: 1. HDR / 전송 기능 없음 1) 1대 / 2) 2대 / 2. HIIS / 3. MATE /
G16: 1. "REF/KER 측정 MODE 화면"으로 이동(좌측상단의 홈 아이콘 터치) 2. "REF/KER 측정 MODE 화면"의 우측하단의 프린터 아이콘을 터치. | H16: "REF/KER 측정 MODE 화면" 좌측상단 차트번호와 OP Basic Operation 화면 좌측상단 LOAD DATA의 차트번호 비교결과, 측정화면 차트번호가 1이 더 큰지 확인 TBD - HDR( Server )에서 데이터를 수신 확인한다. (OP 어디에서 수신이미지 확인하기 위한 위치 공유요청) TBD - Patient ID가 동일한 마이봄샘 이미지가 저장되어 있었다면, 덮어씀 (덮어쓰는 이미지 전 후 비교방법 공유요청) TBD - 같은 환자번호에서, 여러 번 보냈을때 이미지가 덮어쓰여지는지 확인 필요. (같은 환자번호에서, 여러 번 보내는 방법 공유요청)
A17: HRK-006 | B17: 이미지( COLOR ) 촬영 후 전송 | C17: 1. COLOR VIEW MODE에 들어간다. 2. 이미지를 촬영한다. - 조이스틱 누르거나, 화면에 CAPTURE touch - 최소1장 ~ 최대4장 capture, OD/OS 무관 3. 프린트 버튼을 눌러 데이터를 전송한다. - Image Transmitting (1/4) : 캡쳐한 이미지 4장중 1장 전송중 - Image Transfer Successful! : 이미지 전송 성공 - Image Transfer Failed! : 이미지 전송 실패 4. 전송이 완료 되면, HDR( Server )에서 데이터를 수신 확인한다. 5. 전송 이후, AP 또는 Server 연결이 끊어지는지 확인한다. | D17: 1. 데이터 전송 성공 2. 데이터 전송 실패시 에러메세지 확인( DR(Server)와 끊어짐 상태 표시 또는 전송실패 표시 ) 3. 실패 이후 재전송 성공 4. HDR이 Server 목록에 있더라도 전송 성공 하는지 유무 | E17: TC-HRK-006-WIFI-001 | F17: 테스트대상 구성 (장비 대수, S/W Version): - HRK-9000A (1대, 1.01.01A) 테스트환경 구성 : - AP(2.4GHz Band) 1대 - HDR-9000 1대 | G17: 1. "REF/KER 측정 MODE 화면"의 좌측하단 부기기능 아이콘(2x2 Matrix 아이콘, 우상단, 좌하단 2개 파란색, 나머지 2개 회색) 터치 2. COLOR 터치 3. HRK 동작 멈출 때까지 대기 4. 조이스틱의 Shot 버튼 누름 | H17: COLOR VIEW MODE 화면 하단중간 Image Captured 시현확인 | I17: 같은 환자번호에서, 여러 번 보냈을때 이미지가 덮어쓰여지는지 확인 필요. | J17: 1. HDR / 전송 기능 없음 1) 1대 / 2) 2대 / 2. HIIS / 3. MATE /
G18: 1. "REF/KER 측정 MODE 화면"으로 이동(좌측상단의 홈 아이콘 터치) 2. "REF/KER 측정 MODE 화면"의 우측하단의 프린터 아이콘을 터치. 3. HRK 동작 멈출 때까지 대기 | H18: "REF/KER 측정 MODE 화면" 좌측상단 차트번호와 OP Basic Operation 화면 좌측상단 LOAD DATA의 차트번호 비교결과, 측정화면 차트번호가 1이 더 큰지 확인 TBD - HDR( Server )에서 데이터를 수신 확인한다. (OP 어디에서 수신이미지 확인하기 위한 위치 공유요청) TBD - Patient ID가 동일한 마이봄샘 이미지가 저장되어 있었다면, 덮어씀 (덮어쓰는 이미지 전 후 비교방법 공유요청) TBD - 같은 환자번호에서, 여러 번 보냈을때 이미지가 덮어쓰여지는지 확인 필요. (같은 환자번호에서, 여러 번 보내는 방법 공유요청)
A19: HRK-007 | B19: 이미지( TFBUT ) 촬영 후 전송 | C19: 1. TFBUT MODE에 들어간다. 2. 이미지를 촬영한다. - 조이스틱 누르거나, 화면에 CAPTURE touch - 최소1장 ~ 최대4장 capture, OD/OS 무관 3. 프린트 버튼을 눌러 데이터를 전송한다. - Image Transmitting (1/4) : 캡쳐한 이미지 4장중 1장 전송중 - Image Transfer Successful! : 이미지 전송 성공 - Image Transfer Failed! : 이미지 전송 실패 4. 전송이 완료 되면, HDR( Server )에서 데이터를 수신 확인한다. 5. 전송 이후, AP 또는 Server 연결이 끊어지는지 확인한다. | D19: 1. 데이터 전송 성공 2. 데이터 전송 실패시 에러메세지 확인( DR(Server)와 끊어짐 상태 표시 또는 전송실패 표시 ) 3. 실패 이후 재전송 성공 4. HDR이 Server 목록에 있더라도 전송 성공 하는지 유무 | E19: TC-HRK-007-WIFI-001 | F19: 테스트대상 구성 (장비 대수, S/W Version): - HRK-9000A (1대, 1.01.01A) 테스트환경 구성 : - AP(2.4GHz Band) 1대 - HDR-9000 1대 | G19: 1. "REF/KER 측정 MODE 화면"의 좌측하단 부기기능 아이콘(2x2 Matrix 아이콘, 우상단, 좌하단 2개 파란색, 나머지 2개 회색) 터치 2. TFBUT 터치 3. HRK 동작 멈출 때까지 대기 4. 조이스틱의 Shot 버튼 누름 | H19: TFBUT MODE 화면 하단중간 Image Captured 시현확인 | I19: 같은 환자번호에서, 여러 번 보냈을때 이미지가 덮어쓰여지는지 확인 필요. Server 가 HIIS-1인 경우, duration time 출력 여부 확인 필요. | J19: 1. HDR / 전송 기능 없음 1) 1대 / 2) 2대 / 2. HIIS / 3. MATE /
G20: 1. "REF/KER 측정 MODE 화면"으로 이동(좌측상단의 홈 아이콘 터치) 2. "REF/KER 측정 MODE 화면"의 우측하단의 프린터 아이콘을 터치. 3. HRK 동작 멈출 때까지 대기 | H20: "REF/KER 측정 MODE 화면" 좌측상단 차트번호와 OP Basic Operation 화면 좌측상단 LOAD DATA의 차트번호 비교결과, 측정화면 차트번호가 1이 더 큰지 확인 TBD - HDR( Server )에서 데이터를 수신 확인한다. (OP 어디에서 수신이미지 확인하기 위한 위치 공유요청) TBD - Patient ID가 동일한 마이봄샘 이미지가 저장되어 있었다면, 덮어씀 (덮어쓰는 이미지 전 후 비교방법 공유요청) TBD - 같은 환자번호에서, 여러 번 보냈을때 이미지가 덮어쓰여지는지 확인 필요. (같은 환자번호에서, 여러 번 보내는 방법 공유요청)
A21: HRK-008 | B21: 이미지( MEIBO ) 촬영 후 전송 | C21: 1. MEIBOGRAPHY MODE에 들어간다. 2. 이미지를 촬영한다. - 조이스틱 누르거나, 화면에 CAPTURE touch - 최소1장 ~ 최대4장 capture, OD/OS 무관 3. 프린트 버튼을 눌러 데이터를 전송한다. - Image Transmitting (1/4) : 캡쳐한 이미지 4장중 1장 전송중 - Image Transfer Successful! : 이미지 전송 성공 - Image Transfer Failed! : 이미지 전송 실패 4. 전송이 완료 되면, HDR( Server )에서 데이터를 수신 확인한다. 5. 전송 이후, AP 또는 Server 연결이 끊어지는지 확인한다. | D21: 1. 데이터 전송 성공 2. 데이터 전송 실패시 에러메세지 확인( DR(Server)와 끊어짐 상태 표시 또는 전송실패 표시 ) 3. 실패 이후 재전송 성공 4. HDR이 Server 목록에 있더라도 전송 성공 하는지 유무 | E21: TC-HRK-008-WIFI-001 | F21: 테스트대상 구성 (장비 대수, S/W Version): - HRK-9000A (1대, 1.01.01A) 테스트환경 구성 : - AP(2.4GHz Band) 1대 - HDR-9000 1대 | G21: 1. "REF/KER 측정 MODE 화면"의 좌측하단 부기기능 아이콘(2x2 Matrix 아이콘, 우상단, 좌하단 2개 파란색, 나머지 2개 회색) 터치 2. MEIBO 터치 3. HRK 동작 멈출 때까지 대기 4. 조이스틱의 Shot 버튼 누름 | H21: MEIBOGRAPHY MODE 화면의 하단중간 Image Captured 시현확인 | I21: 같은 환자번호에서, 여러 번 보냈을때 이미지가 덮어쓰여지는지 확인 필요. | J21: 1. HDR / 전송 기능 없음 1) 1대 / 2) 2대 / 2. HIIS / 3. MATE /
G22: 1. "REF/KER 측정 MODE 화면"으로 이동(좌측상단의 홈 아이콘 터치) 2. "REF/KER 측정 MODE 화면"의 우측하단의 프린터 아이콘을 터치 3. HRK 동작 멈출 때까지 대기 | H22: "REF/KER 측정 MODE 화면" 좌측상단 차트번호와 OP Basic Operation 화면 좌측상단 LOAD DATA의 차트번호 비교결과, 측정화면 차트번호가 1이 더 큰지 확인 TBD - HDR( Server )에서 데이터를 수신 확인한다. (OP 어디에서 수신이미지 확인하기 위한 위치 공유요청) TBD - Patient ID가 동일한 마이봄샘 이미지가 저장되어 있었다면, 덮어씀 (덮어쓰는 이미지 전 후 비교방법 공유요청) TBD - 같은 환자번호에서, 여러 번 보냈을때 이미지가 덮어쓰여지는지 확인 필요. (같은 환자번호에서, 여러 번 보내는 방법 공유요청)
A23: HRK-009 | B23: 이미지( MEIBO - 강조 ) 전송 | C23: 1. MEIBOGRAPHY MODE에 들어간다. 2. 이미지를 촬영한다. 3. 눈 모양 버튼을 touch하여 이미지 display 화면으로 들어가서 마이봄샘을 강조할 이미지 1장을 선택한다. 4. 아이콘 버튼을 touch하여 마이봄샘을 강조한다. 5. 프린트 버튼을 눌러 데이터를 전송한다. - Image Transmitting (1/1) : 캡쳐한 이미지 1장 전송중 - Image Transfer Successful! : 이미지 전송 성공 - Image Transfer Failed! : 이미지 전송 실패 6. 전송이 완료 되면, HDR( Server )에서 데이터를 수신 확인한다. (Patient ID가 동일한 마이봄샘 이미지가 저장되어 있었다면, 덮어씀) 7. 전송 이후, AP 또는 Server 연결이 끊어지는지 확인한다. | D23: 1. 데이터 전송 성공 2. 데이터 전송 실패시 에러메세지 확인( DR(Server)와 끊어짐 상태 표시 또는 전송실패 표시 ) 3. 실패 이후 재전송 성공 4. HDR이 Server 목록에 있더라도 전송 성공 하는지 유무 | E23: TC-HRK-009-WIFI-001 | F23: 테스트대상 구성 (장비 대수, S/W Version): - HRK-9000A (1대, 1.01.01A) 테스트환경 구성 : - AP(2.4GHz Band) 1대 - HDR-9000 1대 | G23: 1. "REF/KER 측정 MODE 화면"의 좌측하단 부기기능 아이콘(2x2 Matrix 아이콘, 우상단, 좌하단 2개 파란색, 나머지 2개 회색) 터치 2. MEIBO 터치 3. HRK 동작 멈출 때까지 대기 4. 조이스틱의 Shot 아이콘 누름 | H23: MEIBOGRAPHY MODE 화면의 하단중간 Image Captured 시현확인 | I23: 같은 환자번호에서, 여러 번 보냈을때 이미지가 덮어쓰여지는지 확인 필요. | J23: 1. HDR / 전송 기능 없음 1) 1대 / 2) 2대 / 2. HIIS / 3. MATE /
G24: 1. MEIBOGRAPHY 화면의 우측하단 이중 사각형 안 눈모양 아이콘을 터치 | H24: "MEIBOGRAPHY MODE 이미지 시현화면"으로 화면전환 확인 (4개의 이미지가 한 화면에 4분할 되어 시현)
G25: 1. MEIBOGRAPHY MODE 이미지 시현화면의 4장 중 마이봄샘을 강조할 이미지 1장을 선택한다. 2. 선택된 이미지의 우측하단 마이봄샘 아이콘을 터치 | H25: "MEIBOGRAPHY MODE 이미지 시현화면"의 선택된 화면의 우측하단 마이봄샘 아이콘의 마이봄샘 색상이 보라색으로 시현확인
G26: 1. "REF/KER 측정 MODE 화면"으로 이동(좌측상단의 뒤로가기 아이콘 터치) 2. "REF/KER 측정 MODE 화면"으로 이동(좌측상단의 뒤로가기 아이콘 터치) 3. "REF/KER 측정 MODE 화면"으로 이동(홈 아이콘 터치) 4. "REF/KER 측정 MODE 화면"의 우측하단의 프린터 아이콘을 터치 5. HRK 동작 멈출 때까지 대기 | H26: "REF/KER 측정 MODE 화면" 좌측상단 차트번호와 OP Basic Operation 화면 좌측상단 LOAD DATA의 차트번호 비교결과, 측정화면 차트번호가 1이 더 큰지 확인 TBD - HDR( Server )에서 데이터를 수신 확인한다. (OP 어디에서 수신이미지 확인하기 위한 위치 공유요청) - Patient ID가 동일한 마이봄샘 이미지가 저장되어 있었다면, 덮어씀 (덮어쓰는 이미지 전 후 비교방법 공유요청) - 같은 환자번호에서, 여러 번 보냈을때 이미지가 덮어쓰여지는지 확인 필요. (같은 환자번호에서, 여러 번 보내는 방법 공유요청)
A27: HRK-010 | B27: Server 재연결 시 복구 | C27: 1. AP를 연결한다. 2. HDR(Server)을 연결한다. 3. 연결을 확인한 후, 임의의 Server의 AP 연결을 끊는다. 4. 임의의 Server AP 재접속을 진행한다. 5. HRK에서 끊어짐 표시를 확인한 후 데이터를 측정한다. 6. 데이터를 전송한다. 7. 전송목록에서 연결이 끊어진 Server의 아이콘 상태를 확인한다. 8. 아이콘을 눌러 재접속을 진행한 후 데이터를 전송한다. 9. Server에서 데이터를 수신 확인한다. | D27: 1. Server 접속상태 표시 2. Server와의 접속상태를 갱신하고, 데이터 전송 성공 3. 데이터 전송 실패시 에러메세지 확인( DR(Server)와 끊어짐 상태 표시 또는 전송실패 표시 ) 4. 실패 이후 재전송 성공 | E27: TC-HRK-010-WIFI-001 | F27: 테스트대상 구성 (장비 대수, S/W Version): - HRK-9000A (1대, 1.01.01A) 테스트환경 구성 : - AP(2.4GHz Band) 1대 - HDR-9000 1대 | G27: 1. AP 연결 및 인증 확인(HRK-001) 2. Server 연결 확인(HRK-002, HDR에 연결) 3. SETUP MODE 화면으로 진입(홈 화면 우측 하단 톱니바퀴 아이콘 터치) 4. SETUP MODE 화면-2 페이지-WIFI 탭으로 이동 5. TRANSFER TYPE를 Auto로 설정. 6. "REF/KER 측정 MODE 화면"으로 이동(SETUP MODE 화면에서 좌측상단 홈 아이콘 터치) | H27: "REF/KER 측정 MODE 화면" 시현확인 | I27: 전송 모드는 수동/자동 각각 설정하여 테스트 진행 측정 모드는 모드별로 테스트 진행 Server는 최소 1개, 최대 4개 늘려가면서 테스트 진행 | J27: 1. HDR / 1) 1대 / 불 2) 2대 / 2. HIIS / 3. MATE / | K27: -. HRK-9000A CCD 타입은 AP끊었을 시, 아이콘 갱신이 다소 오래걸림(Ver26) -. AP 재부팅 시, HDR에서 HRK와 자동 연결이 안되고, HRK에서 재시도를 하면 연결됨
G28: 1. 모델아이 장착 2. 조이스틱 수동조작하여 모델아이의 눈동자를 화면 위치로 대략적 배치 3. OP 홈 화면 진입(OP Basic Operation 화면에서 좌측상단 홈 아이콘 터치) 4. OP QC Settings 화면 진입(OP 홈 화면에서 Shift+MENU 터치) 5. OP QC Settings 화면의 "Commnunication 탭"의 Connection 항목을 OFF로 터치. 6. OP QC Settings 화면의 OK 터치 | H28: "REF/KER 측정 MODE 화면"에서 우측상단에서 *HDR 아이콘(미연결상태) 확인. 범례 *HDR 아이콘(미연결상태) : 회색톤 아이콘 표기, 좌상단심볼 X 파란색으로 표기
G29: 1. OP QC Settings 화면 진입(OP 홈 화면에서 Shift+MENU 터치) 2. OP QC Settings 화면의 "Commnunication 탭"의 Connection 항목을 ON로 터치. 3. OP QC Settings 화면의 OK 터치 | H29: OP 홈 화면 시현확인
G30: 1. "REF/KER 측정 MODE 화면"의 중간상단의 MEASURE 아이콘을 터치 2. "REF/KER 측정 MODE 화면"의 우측하단의 프린터 아이콘을 터치. | H30: HDR network connect 모달 시현확인
G31: 1. "REF/KER 측정 MODE 화면"의 HDR network connect 모달에서 "HDR 재연결 시도 아이콘" 터치 | H31: "REF/KER 측정 MODE 화면"의 HDR network connect 모달에서 "HDR 재연결 시도 아이콘" 이 "HDR 연결완료 아이콘" 으로 변경 확인
G32: 1. "REF/KER 측정 MODE 화면"의 HDR network connect 모달에서 OK 터치 2. OP Basic Operation 화면 진입(OP 홈 화면에서 Basic Operation 터치) 3. OP 키보드의 LOAD 버튼 터치 4. OP Basic Operation 화면 좌측상단 LOAD DATA의 RK 버튼 터치 | H32: "REF/KER 측정 MODE 화면" 좌측상단 차트번호와 OP Basic Operation 화면 좌측상단 LOAD DATA의 차트번호 비교결과, "REF/KER 측정 MODE 화면" 차트번호가 2차이 이상 임을 확인 (데이터 안들어온 것으로 판단) TBD. 정상루틴인 건지 문제인건지 확인필요
G33: 1. "REF/KER 측정 MODE 화면"의 중간상단의 MEASURE 아이콘을 터치 2. "REF/KER 측정 MODE 화면"의 우측하단의 프린터 아이콘을 터치. 3. OP Basic Operation 화면 진입(OP 홈 화면에서 Basic Operation 터치) 4. OP 키보드의 LOAD 버튼 터치 5. OP Basic Operation 화면 좌측상단 LOAD DATA의 RK 버튼 터치 | H33: "REF/KER 측정 MODE 화면" 좌측상단 차트번호와 OP Basic Operation 화면 좌측상단 LOAD DATA의 차트번호 비교결과, "REF/KER 측정 MODE 화면" 차트번호가 1이 더 큰지 확인
G34: 1. OP Basic Operation 화면 좌측상단 LOAD DATA의 차트번호 터치 | H34: "REF/KER 측정 MODE 화면"의 중간단의 좌우 R, L 데이터 목록과 OP Basic Operation 화면 상단중간 데이터 비교결과, S(SPH), C(CYLINDER), A(TBD)의 수치가 일치 상태확인(TBD. STEP 디옵터 설정 의존성 확인)
F35: 테스트대상 구성 (장비 대수, S/W Version): - HRK-9000A (1대, 1.01.01A) 테스트환경 구성 : - AP(2.4GHz Band) 1대 - HDR-9000 1대 | G35: 1. AP 연결 및 인증 확인(HRK-001) 2. Server 연결 확인(HRK-002, HDR에 연결) 3. SETUP MODE 화면으로 진입(홈 화면 우측 하단 톱니바퀴 아이콘 터치) 4. SETUP MODE 화면-2 페이지-WIFI 탭으로 이동 5. TRANSFER TYPE를 Auto로 설정. 6. "REF/KER 측정 MODE 화면"으로 이동(SETUP MODE 화면에서 좌측상단 홈 아이콘 터치) | H35: "REF/KER 측정 MODE 화면" 시현확인 | I35: 전송 모드는 수동/자동 각각 설정하여 테스트 진행 측정 모드는 모드별로 테스트 진행 Server는 최소 1개, 최대 4개 늘려가면서 테스트 진행 | J35: 1. HDR / 1) 1대 / 불 2) 2대 / 2. HIIS / 3. MATE / | K35: -. HRK-9000A CCD 타입은 AP끊었을 시, 아이콘 갱신이 다소 오래걸림(Ver26) -. AP 재부팅 시, HDR에서 HRK와 자동 연결이 안되고, HRK에서 재시도를 하면 연결됨
G36: 1. 모델아이 장착 2. 조이스틱 수동조작하여 모델아이의 눈동자를 화면 위치로 대략적 배치 3. OP 홈 화면 진입(OP Basic Operation 화면에서 좌측상단 홈 아이콘 터치) 4. OP QC Settings 화면 진입(OP 홈 화면에서 Shift+MENU 터치) 5. OP QC Settings 화면의 "Commnunication 탭"의 Connection 항목을 OFF로 터치. 6. OP QC Settings 화면의 OK 터치 | H36: "REF/KER 측정 MODE 화면"에서 우측상단에서 *HDR 아이콘(미연결상태) 확인. 범례 *HDR 아이콘(미연결상태) : 회색톤 아이콘 표기, 좌상단심볼 X 파란색으로 표기
G37: 1. OP QC Settings 화면 진입(OP 홈 화면에서 Shift+MENU 터치) 2. OP QC Settings 화면의 "Commnunication 탭"의 Connection 항목을 ON로 터치. 3. OP QC Settings 화면의 OK 터치 | H37: OP 홈 화면 시현확인
G38: 1. "REF/KER 측정 MODE 화면"의 중간상단의 MEASURE 아이콘을 터치 2. "REF/KER 측정 MODE 화면"의 우측하단의 프린터 아이콘을 터치. | H38: HDR network connect 모달 시현확인
G39: 1. "REF/KER 측정 MODE 화면"의 HDR network connect 모달에서 "HDR 재연결 시도 아이콘" 터치 | H39: "REF/KER 측정 MODE 화면"의 HDR network connect 모달에서 "HDR 재연결 시도 아이콘" 이 "HDR 연결완료 아이콘" 으로 변경 확인
G40: 1. "REF/KER 측정 MODE 화면"의 HDR network connect 모달에서 OK 터치 2. OP Basic Operation 화면 진입(OP 홈 화면에서 Basic Operation 터치) 3. OP 키보드의 LOAD 버튼 터치 4. OP Basic Operation 화면 좌측상단 LOAD DATA의 RK 버튼 터치 | H40: "REF/KER 측정 MODE 화면" 좌측상단 차트번호와 OP Basic Operation 화면 좌측상단 LOAD DATA의 차트번호 비교결과, "REF/KER 측정 MODE 화면" 차트번호가 2차이 이상 임을 확인 (데이터 안들어온 것으로 판단) TBD. 정상루틴인 건지 문제인건지 확인필요
G41: 1. "REF/KER 측정 MODE 화면"의 중간상단의 MEASURE 아이콘을 터치 2. "REF/KER 측정 MODE 화면"의 우측하단의 프린터 아이콘을 터치. 3. OP Basic Operation 화면 진입(OP 홈 화면에서 Basic Operation 터치) 4. OP 키보드의 LOAD 버튼 터치 5. OP Basic Operation 화면 좌측상단 LOAD DATA의 RK 버튼 터치 | H41: "REF/KER 측정 MODE 화면" 좌측상단 차트번호와 OP Basic Operation 화면 좌측상단 LOAD DATA의 차트번호 비교결과, "REF/KER 측정 MODE 화면" 차트번호가 1이 더 큰지 확인
G42: 1. OP Basic Operation 화면 좌측상단 LOAD DATA의 차트번호 터치 | H42: "REF/KER 측정 MODE 화면"의 중간단의 좌우 R, L 데이터 목록과 OP Basic Operation 화면 상단중간 데이터 비교결과, S(SPH), C(CYLINDER), A(TBD)의 수치가 일치 상태확인(TBD. STEP 디옵터 설정 의존성 확인)
A43: HRK-011 | B43: 장비 재부팅 시 복구 | C43: 1. AP를 연결한다. 2. HDR(Server)을 연결한다. 3. 연결을 확인한 후, 장비의 전원을 off 한다. 4. 장비의 전원을 on 한다. 5. AP / HDR(Server) 재접속 여부를 확인한다. 6. 재접속이 되지않은경우, 수동으로 재접속을 진행한다. 7. 데이터를 측정한다. 8. Server에서 데이터를 수신 확인한다. | D43: 1. 데이터 전송 성공 2. 데이터 전송 실패시 에러메세지 확인( DR(Server)와 끊어짐 상태 표시 또는 전송실패 표시 ) 3. 실패 이후 재전송 성공 | E43: TC-HRK-011-WIFI-001 | F43: 테스트대상 구성 (장비 대수, S/W Version): - HRK-9000A (1대, 1.01.01A) 테스트환경 구성 : - AP(2.4GHz Band) 1대 - HDR-9000 1대 | G43: 1. AP 연결 및 인증 확인(HRK-001) 2. Server 연결 확인(HRK-002, HDR에 연결) 3. SETUP MODE 화면으로 진입(홈 화면 우측 하단 톱니바퀴 아이콘 터치) 4. SETUP MODE 화면-2 페이지-WIFI 탭으로 이동 5. TRANSFER TYPE를 Auto로 설정. 6. "REF/KER 측정 MODE 화면"으로 이동(SETUP MODE 화면에서 좌측상단 홈 아이콘 터치) 7. 모델아이 장착 8. 조이스틱 수동조작하여 모델아이의 눈동자를 화면 위치로 대략적 배치 | H43: 모델아이의 눈의 윤곽이 "REF/KER 측정 MODE 화면"에 시현확인 | I43: 전송 모드는 수동/자동 각각 설정하여 테스트 진행 측정 모드는 모드별로 테스트 진행 Server는 최소 1개, 최대 4개 늘려가면서 테스트 진행 | J43: 1. HDR / 1) 1대 / 2) 2대 / 2. HIIS / 3. MATE /
G44: 1. OP QC Settings 화면 진입(OP 홈 화면에서 Shift+MENU 터치) 2. OP QC Settings 화면의 "Commnunication 탭"의 Connection 항목을 ON로 터치. 3. OP QC Settings 화면의 OK 터치 | H44: OP 홈 화면 시현확인
G45: 1. HTR 장비 스위치 OFF 2. TBD 초 이상 대기 3. HTR 장비 스위치 ON | H45: "REF/KER 측정 MODE 화면"의 우측상단 Wi-Fi & HDR 정상연결 상태확인(아래의 범례와 같은 상태) 범례 *Wi-Fi 아이콘 : 회색으로 RSSI 신호세기 표기상태, 우하단심볼 미표기 *DR 아이콘 : 회색으로 DR 표기, 우하단심볼 미표기
G46: 1. 재접속이 되지않은경우, 수동으로 재접속을 진행한다.
G47: 1. "REF/KER 측정 MODE 화면"의 중간상단의 MEASURE 아이콘을 터치 2. "REF/KER 측정 MODE 화면"의 우측하단의 프린터 아이콘을 터치. | H47: HDR network connect 모달 시현확인
G48: 1. "REF/KER 측정 MODE 화면"의 HDR network connect 모달에서 "HDR 재연결 시도 아이콘" 터치 | H48: "REF/KER 측정 MODE 화면"의 HDR network connect 모달에서 "HDR 재연결 시도 아이콘" 이 "HDR 연결완료 아이콘" 으로 변경 확인
G49: 1. "REF/KER 측정 MODE 화면"의 HDR network connect 모달에서 OK 터치 2. OP Basic Operation 화면 진입(OP 홈 화면에서 Basic Operation 터치) 3. OP 키보드의 LOAD 버튼 터치 4. OP Basic Operation 화면 좌측상단 LOAD DATA의 RK 버튼 터치 | H49: "REF/KER 측정 MODE 화면" 좌측상단 차트번호와 OP Basic Operation 화면 좌측상단 LOAD DATA의 차트번호 비교결과, "REF/KER 측정 MODE 화면" 차트번호가 1이 더 큰지 확인
G50: 1. OP Basic Operation 화면 좌측상단 LOAD DATA의 차트번호 터치 | H50: "REF/KER 측정 MODE 화면"의 중간단의 좌우 R, L 데이터 목록과 OP Basic Operation 화면 상단중간 데이터 비교결과, S(SPH), C(CYLINDER), A(TBD)의 수치가 일치 상태확인(TBD. STEP 디옵터 설정 의존성 확인)
A51: HLM-001 | B51: AP 연결 및 인증 확인 | C51: 1. 사용자 설정에서 NETWORK - AP ID 스캔을 위해 SCAN버튼을 touch한다. 2. AP list (popup창)에서 사용할 AP를 선택 한다. 3. AP 의 ID/Password 를 입력하고, Verify 버튼을 touch한다. 4. 인증 확인 메시지를 확인한다. - 성공시: AP Password is okay! - 실패시: Error code 확인 | D51: 1. 연결 가능한 AP 목록 (SSID/RSSI 순서) 2. AP 연결 성공 3. AP 인증 성공 | E51: TC-HLM-001 | F51: 테스트대상 구성 : - HLM 1대 테스트환경 구성 : - AP(2.4GHz) 1대 | G51: 1. SETUP 화면 진입(측정화면 우측하단 Gear 아이콘 터치) 2. SETUP 화면-NETWORK 탭-1 페이지로 이동 3. AP ID 선택(2.4GHz AP SSID) ex> MER**** 4. Scan 버튼 터치 | H51: AP List에 SETUP 화면에 RSSI 신호강도가 강한 순에서 작은 순으로 SSID가 배치확인 | I51: 2.4GHz, 5GHz AP 에서 각각 수행 연결 실패시, 에러메세지 확인 최초 연결 후 AP 끊어지는 경우 체크 필요 | J51: ( O, X )
G52: 1. AP Password 입력 2. Verify 버튼 터치 3. AP Password is okay! 모달 시현 대기 4. AP Password is okay! 모달 OK 버튼 터치 | H52: 최초 연결 후 TBD 초 간 AP 끊어짐 없고, 연결관련 에러메세지 없이, 측정화면의 우측상단 Wi-Fi & HDR 정상연결 상태확인(아래의 범례와 같은 상태) 범례 *Wi-Fi 아이콘(정상 연결상태): 파란색으로 RSSI 신호세기 표기, 우하단심볼 미표기 | J52: ( O, X )
A53: HLM-002 | B53: Server 연결 확인 | C53: 1. AP를 연결한다. 2. 사용자 설정에서 NETWORK - 2page에 IP / Port 를 입력한다. (port (default: 2100)) 3. 사용자 설정을 나와서 HDR(Server) 연결을 확인한다. 4. 오른쪽 위 상단의 ICON 확인 - 제품 4대 연결 가능. (HDR / HIIS) - 연결 성공 O, 연결 실패 X로 icon 위에 표시 (모두 연결시 O/X 표시 안함.) | D53: 1. DR 연결 성공 | E53: TC-HLM-002 | F53: 테스트대상 구성 : - HLM 1대 테스트환경 구성 : - AP(2.4GHz) 1대 - HDR-9000 1대 | G53: 1. AP 연결 및 인증 확인(HLM-001) 2. SETUP 화면-NETWORK 탭-2 페이지 SSID 입력 3. SETUP 화면-NETWORK 탭-2 페이지 IP 입력 ex> 192.168.***.*** 4. SETUP 화면-NETWORK 탭-2 페이지 Port 입력 ex> 2100(default port) 5. 측정화면으로 이동(SETUP 화면의 좌측상단 BACK 버튼을 터치) | H53: 측정화면에서 우측상단에서 *HDR 아이콘(정상 연결상태) 확인한다. 범례 *HDR 아이콘(정상 연결상태) : 파란색톤 DR 아이콘 표기, 우상단심볼 미표기 | I53: 최소 1개, 최대4개 늘려가면서 연결 시도 이후 모든 전송 테스트도 Server 개수 늘려가면서 진행 | J53: ( O, X )
A54: HLM-003 | B54: 측정데이터 전송 (수동모드) | C54: 1. AP를 연결한다. 2. HDR(Server)을 연결한다. 3. 사용자 설정에서 NETWORK -Trans. Type (전송모드)를 Manual(수동)으로 설정한다. 4. 측정화면에서 측정렌즈를 LENS cap 위에 올려 두고 데이터를 측정한다. 5. 화면에 프린트 버튼을 touch 한다. 6. HDR network connect 팝업창에서 HDR (server) 버튼을 touch하여, 데이터를 전송한다. 7. HDR( Server )에서 데이터를 수신 확인한다. 8. 전송 이후, AP 또는 Server 연결이 끊어지는지 확인한다. | D54: 1. 데이터 전송 성공 2. 데이터 전송 실패시 에러메세지 확인( DR(Server)와 끊어짐 상태 표시 또는 전송실패 표시 ) 3. 실패 이후 재전송 성공 | E54: TC-HLM-003 | F54: 테스트대상 구성 : - HLM 1대 테스트환경 구성 : - AP(2.4GHz) 1대 - HDR-9000 1대 | G54: 1. AP 연결 및 인증 확인(HLM-001) 2. Server 연결 확인(HLM-002, HDR에 연결) 3. SETUP 화면- NETWORK -Trans. Type을 Manual로 설정. 4. 측정렌즈를 HLM의 LENS cap 위에 안착(측정화면 과녁에서 + 가 최대크기가 되는 지점에서) 5. HDR network connect 팝업창에서 HDR (server) 아이콘 터치 | H54: HDR (Server)가 모두 연결된 경우 > HDR network connect 팝업창 없이 데이터 전송 확인 HDR (Server)가 모두 연결되지 않은 경우 > HDR network connect 팝업창 뜨고 데이터 전송 확인? 두가지 경우의 수 모두 시험?(TBD) | I54: 전송 모드는 수동/자동 각각 설정하여 테스트 진행 측정 모드는 모드별로 테스트 진행 | J54: ( O, X )
G55: 1. 측정화면의 우측하단의 프린터 아이콘을 터치. 2. OP 키보드의 LOAD 버튼 클릭 3. OP Basic Operation 화면 좌측상단 LOAD DATA의 LM 버튼 터치 | H55: 측정화면 좌측상단 차트번호와 OP Basic Operation 화면 좌측상단 LOAD DATA의 차트번호 비교결과, 차트번호가 일치 상태확인
G56: 1. OP Basic Operation 화면 좌측상단 LOAD DATA의 차트번호 터치 | H56: 측정화면 L, R 데이터와 OP Basic Operation 화면 상단중간 데이터 비교결과, S(SPH)의 수치가 일치 상태확인(TBD. STEP 디옵터 설정 의존성 확인) | J56: ( O, X )
A57: HLM-004 | B57: 측정데이터 전송 (자동모드) | C57: 1. AP를 연결한다. 2. HDR(Server)을 연결한다. 3. 사용자 설정에서 NETWORK -Trans. Type(전송모드)를 Auto(자동)으로 설정한다. 4. 측정화면에서 측정렌즈를 LENS cap 위에 올려 두고 데이터를 측정한다. 5. 화면에 프린트 버튼을 touch 한다. 6. HDR (Server)가 모두 연결된 경우, 팝업창이 뜨지 않고 데이터가 전송되는지 확인한다. - 1대 이상 연결된 경우, 모두 연결된 상태확인 - 여러대 중 1~2대 연결이 끊어진 상태확인 (전송모드가 자동이어도, HDR network connect 팝업창이 떠야 정상) 7. HDR( Server )에서 데이터를 수신 확인한다. 8. 전송 이후, AP 또는 Server 연결이 끊어지는지 확인한다. | D57: 1. 데이터 전송 성공 2. 데이터 전송 실패시 에러메세지 확인( DR(Server)와 끊어짐 상태 표시 또는 전송실패 표시 ) 3. 실패 이후 재전송 성공 | E57: TC-HLM-004 | F57: 테스트대상 구성 : - HLM 1대 테스트환경 구성 : - AP(2.4GHz) 1대 - HDR-9000 1대 | G57: 1. AP 연결 및 인증 확인(HLM-001) 2. Server 연결 확인(HLM-002, HDR에 연결) 3. SETUP 화면- NETWORK -Trans. Type을 Auto로 설정. 4. 측정렌즈를 HLM의 LENS cap 위에 안착(측정화면 과녁에서 + 가 최대크기가 되는 지점에서). 5. 측정화면의 우측하단의 프린터 아이콘을 터치. | H57: HDR (Server)가 모두 연결된 경우 > HDR network connect 팝업창 없이 데이터 전송 확인 HDR (Server)가 모두 연결되지 않은 경우 > HDR network connect 팝업창 뜨고 데이터 전송 확인? 두가지 경우의 수 모두 시험?(TBD) | I57: 전송 모드는 수동/자동 각각 설정하여 테스트 진행 측정 모드는 모드별로 테스트 진행 | J57: ( O, X )
A58: HLM-005 | B58: Server 재연결 시 복구 | C58: 1. AP를 연결한다. 2. HDR(Server)을 연결한다. 3. 연결을 확인한 후, 임의의 Server의 AP 연결을 끊는다. 4. 임의의 Server AP 재접속을 진행한다. 5. HLM에서 끊어짐 표시를 확인한 후 데이터를 측정한다. 6. 데이터를 전송한다. 7. 전송목록에서 연결이 끊어진 Server의 아이콘 상태를 확인한다. 8. 아이콘을 눌러 재접속을 진행한 후 데이터를 전송한다. 9. Server에서 데이터를 수신 확인한다. | D58: 1. Server 접속상태 표시 2. Server와의 접속상태를 갱신하고, 데이터 전송 성공 3. 데이터 전송 실패시 에러메세지 확인( DR(Server)와 끊어짐 상태 표시 또는 전송실패 표시 ) 4. 실패 이후 재전송 성공 | E58: TC-HLM-005 | F58: 테스트대상 구성 : - HLM 1대 테스트환경 구성 : - AP(2.4GHz) 1대 - HDR-9000 1대 | G58: 1. AP 연결 및 인증 확인(HLM-001) 2. Server 연결 확인(HLM-002, HDR에 연결) 3. SETUP 화면- NETWORK -Trans. Type을 Auto로 설정. 4. 측정렌즈를 HLM의 LENS cap 위에 안착(측정화면 과녁에서 + 가 최대크기가 되는 지점에서). 5. 측정화면으로 이동 | H58: 측정화면의 우측상단 Wi-Fi & HDR 정상연결 상태확인(아래의 범례와 같은 상태) 범례 *Wi-Fi 아이콘(정상 연결상태): 파란색으로 RSSI 신호세기 표기, 우하단심볼 미표기 *HDR 아이콘(정상 연결상태) : 파란색톤 DR 아이콘 표기, 우상단심볼 미표기 | I58: 전송 모드는 수동/자동 각각 설정하여 테스트 진행 측정 모드는 모드별로 테스트 진행 Server는 최소 1개, 최대 4개 늘려가면서 테스트 진행 | J58: ( O, X )
G59: 1. OP QC Settings 화면 진입(OP 홈 화면에서 Shift+MENU 터치) 2. OP QC Settings 화면의 "Commnunication 탭"의 Connection 항목을 OFF로 터치. 3. OP QC Settings 화면의 OK 터치 | H59: 측정화면에서 우측상단에서 *HDR 아이콘(미연결상태) 확인. 범례 *HDR 아이콘(미연결상태) : 파란색톤 아이콘 표기, 우상단심볼 X 표기 | J59: ( O, X )
G60: 1. 측정화면의 우측하단의 프린터 아이콘을 터치. | H60: HDR network connect 모달 시현확인 | J60: ( O, X )
G61: 1. OP QC Settings 화면 진입(OP 홈 화면에서 Shift+MENU 터치) 2. OP QC Settings 화면의 "Commnunication 탭"의 Connection 항목을 ON으로 터치. 3. OP QC Settings 화면의 OK 터치 | H61: OP 홈 화면 시현확인 | J61: ( O, X )
G62: 1. 측정화면의 "HDR 재연결 시도 아이콘" 터치 | H62: 측정화면의 HDR network connect 모달에서 "HDR 재연결 시도 아이콘" 이 "HDR 연결완료 아이콘" 으로 변경 확인 | J62: ( O, X )
G63: 1. 측정화면의 HDR network connect 모달에서 OK 터치 2. 측정화면의 우측하단의 프린터 아이콘을 터치. 3. OP Basic Operation 화면 진입(OP 홈 화면에서 Basic Operation 터치) 4. OP 키보드의 LOAD 버튼 터치 5. OP Basic Operation 화면 좌측상단 LOAD DATA의 LM 버튼 터치 | H63: 측정화면 좌측상단 차트번호와 OP Basic Operation 화면 좌측상단 LOAD DATA의 차트번호 비교결과, 측정화면 차트번호가 1이 더 큰지 확인 | J63: ( O, X )
G64: 1. OP Basic Operation 화면 좌측상단 LOAD DATA의 차트번호 터치 | H64: 측정화면 L, R 데이터와 OP Basic Operation 화면 상단중간 데이터 비교결과, S(SPH)의 수치가 일치 상태확인(TBD. STEP 디옵터 설정 의존성 확인) | J64: ( O, X )
A65: HLM-006 | B65: 장비 재부팅 시 복구 | C65: 1. AP를 연결한다. 2. HDR(Server)을 연결한다. 3. 연결을 확인한 후, 장비의 전원을 off 한다. 4. 장비의 전원을 on 한다. 5. AP / HDR(Server) 재접속 여부를 확인한다. 6. 재접속이 되지않은경우, 수동으로 재접속을 진행한다. 7. 데이터를 측정한다. 8. Server에서 데이터를 수신 확인한다. | D65: 1. 데이터 전송 성공 2. 데이터 전송 실패시 에러메세지 확인( DR(Server)와 끊어짐 상태 표시 또는 전송실패 표시 ) 3. 실패 이후 재전송 성공 | E65: TC-HLM-006 | F65: 테스트대상 구성 : - HLM 1대 테스트환경 구성 : - AP(2.4GHz) 1대 - HDR-9000 1대 | G65: 1. AP 연결 및 인증 확인(HLM-001) | H65: HLM 장비 화면이 꺼짐을 확인 | I65: 전송 모드는 수동/자동 각각 설정하여 테스트 진행 측정 모드는 모드별로 테스트 진행 Server는 최소 1개, 최대 4개 늘려가면서 테스트 진행 | J65: ( O, X )
G66: 1. 측정렌즈를 HLM의 LENS cap 위에서 제거한다 2. HLM 장비 스위치 ON 3. HLM 장비 부팅 및 Wi-Fi & HDR 재연결시도 대기 | H66: 측정화면의 우측상단 Wi-Fi & HDR 정상연결 상태확인(아래의 범례와 같은 상태) 범례 *Wi-Fi 아이콘(정상 연결상태): 파란색으로 RSSI 신호세기 표기, 우하단심볼 미표기 *HDR 아이콘(정상 연결상태) : 파란색톤 DR 아이콘 표기, 우상단심볼 미표기 | J66: ( O, X )
G67: 1. 측정렌즈를 HLM의 LENS cap 위에 안착(측정화면 과녁에서 + 가 최대크기가 되는 지점에서) 2. 측정화면의 우측하단의 프린터 아이콘을 터치 3. OP Basic Operation 화면 진입(OP 홈 화면에서 Basic Operation 터치) 4. OP 키보드의 LOAD 버튼 터치 5. OP Basic Operation 화면 좌측상단 LOAD DATA의 LM 버튼 터치 | H67: 측정화면 좌측상단 차트번호와 OP Basic Operation 화면 좌측상단 LOAD DATA의 차트번호 비교결과, 측정화면 차트번호가 1이 더 큰지 확인 | J67: ( O, X )
G68: 1. OP Basic Operation 화면 좌측상단 LOAD DATA의 차트번호 터치 | H68: 측정화면 L, R 데이터와 OP Basic Operation 화면 상단중간 데이터 비교결과, S(SPH)의 수치가 일치 상태확인(TBD. STEP 디옵터 설정 의존성 확인) | J68: ( O, X )
A69: HTR-001 | B69: AP 연결 및 인증 확인 | C69: 1. AP를 스캔 / 선택 한다. 2. AP 의 ID/Password 를 입력하고, 인증한다. 3. 인증 확인 메시지를 확인한다. | D69: 1. 연결 가능한 AP 목록 (SSID/RSSI 순서) 2. AP 연결 성공 3. AP 인증 성공 | E69: TC-HTR-001 | F69: 테스트대상 구성 : - HTR 1대 테스트환경 구성 : - AP(2.4GHz) 1대 | G69: 1. Setup 화면 진입(홈 화면의 우측하단 Gear 아이콘 터치) 2. Setup 화면-Commnunication 탭-2 페이지으로 이동 3. AP SSID 입력 ex> MER**** 4. Scan 버튼 터치 5. 연결 가능한 AP List가 모달로서 시현 | H69: AP List에 SETUP 화면에 RSSI 신호강도가 강한 순에서 작은 순으로 SSID가 배치확인 | I69: 2.4GHz, 5GHz AP 에서 각각 수행 연결 실패시, 에러메세지 확인 최초 연결 후 AP 끊어지는 경우 체크 필요 | J69: ( O, X )
G70: 1. AP Password 입력 2. Verify 버튼 터치 3. AP Password is okay! 모달 시현 대기 4. AP Password is okay! 모달 OK 버튼 터치 | H70: 최초 연결 후 TBD 초 간 AP 끊어짐 없고, 연결관련 에러메세지 없이, 측정화면의 우측상단 Wi-Fi & HDR 정상연결 상태확인(아래의 범례와 같은 상태) 범례 *Wi-Fi 아이콘(정상 연결상태): 파란색으로 RSSI 신호세기 표기, 우하단심볼 미표기 | J70: ( O, X )
A71: HTR-002 | B71: Server 연결 확인 | C71: 1. AP를 연결한다. 2. HDR IP / Port 를 입력한다. 3. 설정화면을 나와서 HDR(Server) 연결을 확인한다. | D71: 1. DR 연결 성공 2. 실패시 에러메세지 확인 | E71: TC-HTR-002 | F71: 테스트대상 구성 : - HTR 1대 테스트환경 구성 : - AP(2.4GHz) 1대 - HDR-9000 1대 | G71: 1. AP 연결 및 인증 확인(HTR-001) 2. Setup 화면 진입(홈 화면의 우측하단 Gear 아이콘 터치) 3. Setup 화면-IP ADDRESS 탭으로 이동 4. HDR Nickname 입력 ex> HDR9000_1(연결할 Nickname) 5. HDR IP 입력 ex> 192.168.***.***(연결할 HDR IP) 6. HDR Port 입력 ex> 2100(연결할 Port) 7. HDR 연결할 항목에 대한 Checkbox를 터치(V 표기 시현되도록) | H71: 홈 화면의 우측상단 Wi-Fi & HDR 정상연결 상태확인(아래의 범례와 같은 상태) 범례 *Wi-Fi 아이콘 : 회색으로 RSSI 신호세기 표기상태, 우하단심볼 미표기 *DR 아이콘 : 회색으로 DR 표기, 우하단심볼 미표기 | I71: 최소 1개, 최대4개 늘려가면서 연결 시도 이후 모든 전송 테스트도 Server 개수 늘려가면서 진행 | J71: ( O, X )
A72: HTR-003 | B72: 측정데이터 전송(수동모드) | C72: 1. AP를 연결한다. 2. HDR(Server)을 연결한다. 3. 전송모드를 수동으로 설정한다. 4. 데이터를 측정한다. 5. 아이콘을 클릭하여 데이터를 전송한다. 6. HDR( Server )에서 데이터를 수신 확인한다. 7. 전송 이후, AP 또는 Server 연결이 끊어지는지 확인한다. | D72: 1. 데이터 전송 성공 2. 데이터 전송 실패시 에러메세지 확인( DR(Server)와 끊어짐 상태 표시 또는 전송실패 표시 ) 3. 실패 이후 재전송 성공 | E72: TC-HTR-003 | F72: - HTR 1대 - AP(2.4GHz) 1대 - HDR-9000 1대 | G72: 1. 모델아이 장착 2. 홈 화면 좌측상단 RK 선택 3. 조이스틱 수동조작하여 모델아이의 눈동자를 화면 위치로 대략적 배치 4. MANUAL 설정(TBD) 5. 홈 화면 우측상단 START 터치 6. 홈 화면 우측하단 PRINT 터치 7. OP 키보드의 LOAD 버튼 터치 8. OP Basic Operation 화면 좌측상단 LOAD DATA의 RK 버튼 터치 | H72: 홈 화면 좌측상단 차트번호와 OP Basic Operation 화면 좌측상단 LOAD DATA의 차트번호 비교결과, 차트번호가 일치 상태확인 | I72: 측정 모드는 모드별로 테스트 진행 | J72: ( O, X )
G73: 1. OP Basic Operation 화면 좌측상단 LOAD DATA의 차트번호 터치 2. 홈 화면 좌측 Data List 버튼 터치 | H73: 홈 화면 Data List의 데이터와 OP Basic Operation 화면 상단중간 데이터 비교결과, S(SPH)의 수치가 일치 상태확인(TBD. STEP 디옵터 설정 의존성 확인) | J73: ( O, X )
A74: HTR-004 | B74: 측정데이터 전송(자동모드) | C74: 1. AP를 연결한다. 2. HDR(Server)을 연결한다. 3. 전송모드를 자동으로 설정한다. 4. 데이터를 측정한다. 5. 데이터를 전송한다. 6. HDR( Server )에서 데이터를 수신 확인한다. 7. 전송 이후, AP 또는 Server 연결이 끊어지는지 확인한다. | D74: 1. 데이터 전송 성공 2. 데이터 전송 실패시 에러메세지 확인( DR(Server)와 끊어짐 상태 표시 또는 전송실패 표시 ) 3. 실패 이후 재전송 성공 | E74: TC-HTR-004 | F74: - HTR 1대 - AP(2.4GHz) 1대 - HDR-9000 1대 | G74: 1. 모델아이 장착 2. 홈 화면 좌측상단 RK 선택 3. 조이스틱 수동조작하여 모델아이의 눈동자를 화면 위치로 대략적 배치 4. AUTO 설정(TBD) 5. 홈 화면 우측상단 START 터치 6. OP 키보드의 LOAD 버튼 터치 7. OP Basic Operation 화면 좌측상단 LOAD DATA의 RK 버튼 터치 | H74: 홈 화면 좌측상단 차트번호와 OP Basic Operation 화면 좌측상단 LOAD DATA의 차트번호 비교결과, 차트번호가 일치 상태확인 | I74: 측정 모드는 모드별로 테스트 진행 | J74: ( O, X )
G75: 1. OP Basic Operation 화면 좌측상단 LOAD DATA의 차트번호 터치 2. 홈 화면 좌측 Data List 버튼 터치 | H75: 홈 화면 Data List의 데이터와 OP Basic Operation 화면 상단중간 데이터 비교결과, S(SPH)의 수치가 일치 상태확인(TBD. STEP 디옵터 설정 의존성 확인) | J75: ( O, X )
A76: HTR-005 | B76: 이미지(IOL) 촬영 후 전송 | C76: 1. 이미지를 촬영한다. ( 최소1장, 최대4장, OD/OS 무관 ) 2. 데이터를 전송한다. 3. HDR( Server )에서 데이터를 수신 확인한다. 4. 전송 이후, AP 또는 Server 연결이 끊어지는지 확인한다. | D76: 1. 데이터 전송 성공 2. 데이터 전송 실패시 에러메세지 확인( DR(Server)와 끊어짐 상태 표시 또는 전송실패 표시 ) 3. 실패 이후 재전송 성공 4. HDR이 Server 목록에 있더라도 전송 성공 하는지 유무 | E76: TC-HTR-005 | F76: - HTR 1대 - AP(2.4GHz) 1대 - HDR-9000 1대 | G76: 1. 홈 화면 좌측하단 부가기능 아이콘(2x2 Matrix 아이콘, 좌상단 1개 파란색, 나머지 3개 회색) 터치 2. Retro-Illum 터치 3. 조이스틱의 Shot 버튼 누름 | H76: Retro-Illum 화면 하단중간 Image Captured 시현확인 전송된 이미지 데이터 OP하위UI 위치확인필요(TBD) | I76: 같은 환자번호에서, 여러 번 보냈을때 이미지가 덮어쓰여지는지 확인 필요. | J76: ( O, X )
A77: HTR-006 | B77: 이미지( COLOR ) 촬영 후 전송 | C77: 1. 이미지를 촬영한다. ( 최소1장, 최대4장, OD/OS 무관 ) 2. 데이터를 전송한다. 3. HDR( Server )에서 데이터를 수신 확인한다. 4. 전송 이후, AP 또는 Server 연결이 끊어지는지 확인한다. | D77: 1. 데이터 전송 성공 2. 데이터 전송 실패시 에러메세지 확인( DR(Server)와 끊어짐 상태 표시 또는 전송실패 표시 ) 3. 실패 이후 재전송 성공 4. HDR이 Server 목록에 있더라도 전송 성공 하는지 유무 | E77: TC-HTR-006 | F77: - HTR 1대 - AP(2.4GHz) 1대 - HDR-9000 1대 | G77: 1. 홈 화면 좌측하단 부가기능 아이콘(2x2 Matrix 아이콘, 좌상단 1개 파란색, 나머지 3개 회색) 터치 2. Color 터치 3. 조이스틱의 Shot 버튼 누름 | H77: Color View 화면 하단중간 Image Captured 시현확인 전송된 이미지 데이터 OP하위UI 위치확인필요(TBD) | I77: 같은 환자번호에서, 여러 번 보냈을때 이미지가 덮어쓰여지는지 확인 필요. | J77: ( O, X )
A78: HTR-007 | B78: 이미지( TFBUT ) 촬영 후 전송 | C78: 1. 이미지를 촬영한다. ( 최소1장, 최대4장, OD/OS 무관 ) 2. 데이터를 전송한다. 3. HDR( Server )에서 데이터를 수신 확인한다. 4. 전송 이후, AP 또는 Server 연결이 끊어지는지 확인한다. | D78: 1. 데이터 전송 성공 2. 데이터 전송 실패시 에러메세지 확인( DR(Server)와 끊어짐 상태 표시 또는 전송실패 표시 ) 3. 실패 이후 재전송 성공 4. HDR이 Server 목록에 있더라도 전송 성공 하는지 유무 | E78: TC-HTR-007 | F78: - HTR 1대 - AP(2.4GHz) 1대 - HDR-9000 1대 | G78: 1. 홈 화면 좌측하단 부가기능 아이콘(2x2 Matrix 아이콘, 좌상단 1개 파란색, 나머지 3개 회색) 터치 2. TFBUT 터치 3. 조이스틱의 Shot 버튼 누름 4. 조이스틱의 Shot 버튼 누름 | H78: HTR TFBUT 화면 중간하단 Timestamp 멈춤 확인 전송된 이미지 데이터 OP하위UI 위치확인필요(TBD) | I78: 같은 환자번호에서, 여러 번 보냈을때 이미지가 덮어쓰여지는지 확인 필요. Server 가 HIIS-1인 경우, duration time 출력 여부 확인 필요. | J78: ( O, X )
A79: HTR-008 | B79: 이미지( MEIBO ) 촬영 후 전송 | C79: 1. 이미지를 촬영한다. ( 최소1장, 최대4장, OD/OS 무관 ) 2. 데이터를 전송한다. 3. HDR( Server )에서 데이터를 수신 확인한다. 4. 전송 이후, AP 또는 Server 연결이 끊어지는지 확인한다. | D79: 1. 데이터 전송 성공 2. 데이터 전송 실패시 에러메세지 확인( DR(Server)와 끊어짐 상태 표시 또는 전송실패 표시 ) 3. 실패 이후 재전송 성공 4. HDR이 Server 목록에 있더라도 전송 성공 하는지 유무 | E79: TC-HTR-008 | F79: - HTR 1대 - AP(2.4GHz) 1대 - HDR-9000 1대 | G79: 1. 홈 화면 좌측하단 부가기능 아이콘(2x2 Matrix 아이콘, 좌상단 1개 파란색, 나머지 3개 회색) 터치 2. Meibo 터치 3. 조이스틱의 Shot 버튼 누름 | H79: HTR Meibo 화면 하단중간 Image Captured 시현확인 전송된 이미지 데이터 OP하위UI 위치확인필요(TBD) | I79: 같은 환자번호에서, 여러 번 보냈을때 이미지가 덮어쓰여지는지 확인 필요. | J79: ( O, X )
A80: HTR-009 | B80: AP 재부팅 시 복구 | C80: 1. HTR 과 AP를 연결한다. 2. AP 의 전원을 off 한다. 3. HTR에서 AP 연결 끊어짐 상태를 확인한다. 4. AP 의 전원을 on 한다. 5. HTR에서 AP 연결 됨 상태를 확인한다. | D80: 1. AP 와의 연결/끊어짐 상태 표시 2. AP 재부팅 후 자동 재연결 성공 3. AP 재연결 후 AP, IP 정보 갱신 | E80: TC-HTR-009 | F80: - HTR 1대 - AP(2.4GHz) 1대 - HDR-9000 1대 | G80: 1. AP 연결 및 인증 확인(HTR-001) | H80: 홈 화면의 우측상단 Wi-Fi 아이콘이 연결 상태확인(범례와 묘사와 같은 상태, TBD 초간 지속) 범례 *Wi-Fi 아이콘: 회색으로 RSSI 신호세기 표기상태, 우하단심볼 미표기 | J80: ( O, X )
G81: 1. AP 전원 DC 배럴 잭 분리(전원 OFF) 2. Wi-Fi 아이콘 갱신 대기(약 TBD초) | H81: 홈 화면의 우측상단 Wi-Fi 아이콘이 미연결 상태확인(범례의 묘사와 다른 상태) 범례 *Wi-Fi 아이콘: 회색으로 RSSI 신호세기 표기상태, 우하단심볼 미표기 | I81: AP 와 연결된 이후에는 주기적으로 연결 상태확인하고 필요하면 재시도 동작 | J81: ( O, X )
G82: 1. AP 전원 DC 배럴 잭 연결(전원 ON) 2. Wi-Fi 아이콘 갱신 대기(약 TBD초) | H82: 홈 화면의 우측상단 Wi-Fi 아이콘이 연결 상태확인(범례와 묘사와 같은 상태, TBD 초간 지속) 범례 *Wi-Fi 아이콘: 회색으로 RSSI 신호세기 표기상태, 우하단심볼 미표기 | J82: ( O, X )
A83: HTR-010 | B83: Server 재연결 시 복구 | C83: 1. AP를 연결한다. 2. HDR(Server)을 연결한다. 3. 연결을 확인한 후, 임의의 Server의 AP 연결을 끊는다. 4. 임의의 Server AP 재접속을 진행한다. 5. HTR에서 끊어짐 표시를 확인한 후 데이터를 측정한다. 6. 데이터를 전송한다. 7. 전송목록에서 연결이 끊어진 Server의 아이콘 상태를 확인한다. 8. 아이콘을 눌러 재접속을 진행한 후 데이터를 전송한다. 9. Server에서 데이터를 수신 확인한다. | D83: 1. Server 접속상태 표시 2. Server와의 접속상태를 갱신하고, 데이터 전송 성공 3. 데이터 전송 실패시 에러메세지 확인( DR(Server)와 끊어짐 상태 표시 또는 전송실패 표시 ) 4. 실패 이후 재전송 성공 | E83: TC-HTR-010 | F83: - HTR 1대 - AP(2.4GHz) 1대 - HDR-9000 1대 | G83: 1. OP QC Settings 화면 진입(OP 홈 화면에서 Shift+MENU 터치) 2. OP QC Settings 화면의 "Commnunication 탭"의 Connection 항목을 OFF로 터치. 3. OP QC Settings 화면의 OK 터치 | H83: 홈 화면의 우측상단 HDR 아이콘 상태가 우하단심볼 노란색 삼각형과 느낌표 표기확인 | I83: 전송 모드는 수동/자동 각각 설정하여 테스트 진행 측정 모드는 모드별로 테스트 진행 Server는 최소 1개, 최대 4개 늘려가면서 테스트 진행 | J83: ( O, X )
G84: 1. OP QC Settings 화면 진입(OP 홈 화면에서 Shift+MENU 터치) 2. OP QC Settings 화면의 "Commnunication 탭"의 Connection 항목을 ON으로 터치. 3. OP QC Settings 화면의 OK 터치 4. 홈 화면 상단중앙 START 터치 (TBD 전송 중 재연결됨) | H84: Check connection with Server(파란색 통신성공 표기) 비모달 시현확인 후 연달아 Data transfer completed(파란색 통신성공 표기) 비모달 시현확인 | J84: ( O, X )
G85: 1. OP Basic Operation 화면 진입(OP 홈 화면에서 Basic Operation 터치) 2. OP 키보드의 LOAD 버튼 터치 3. OP Basic Operation 화면 좌측상단 LOAD DATA의 RK 버튼 터치 | H85: 홈 화면 좌측상단 차트번호와 OP Basic Operation 화면 좌측상단 LOAD DATA의 차트번호 비교결과, 차트번호가 일치 상태확인 | J85: ( O, X )
G86: 1. OP Basic Operation 화면 좌측상단 LOAD DATA의 차트번호 터치 2. 홈 화면 좌측 Data List 버튼 터치 | H86: 홈 화면 Data List의 데이터와 OP Basic Operation 화면 상단중간 데이터 비교결과, S(SPH)의 수치가 일치 상태확인(TBD. STEP 디옵터 설정 의존성 확인) | J86: ( O, X )
A87: HTR-011 | B87: 장비 재부팅 시 복구 | C87: 1. AP를 연결한다. 2. HDR(Server)을 연결한다. 3. 연결을 확인한 후, 장비의 전원을 off 한다. 4. 장비의 전원을 on 한다. 5. AP / HDR(Server) 재접속 여부를 확인한다. 6. 재접속이 되지않은경우, 수동으로 재접속을 진행한다. 7. 데이터를 측정한다. 8. Server에서 데이터를 수신 확인한다. | D87: 1. 데이터 전송 성공 2. 데이터 전송 실패시 에러메세지 확인( DR(Server)와 끊어짐 상태 표시 또는 전송실패 표시 ) 3. 실패 이후 재전송 성공 | E87: TC-HTR-011 | F87: - HTR 1대 - AP(2.4GHz) 1대 - HDR-9000 1대 | G87: 1. OP QC Settings 화면 진입(OP 홈 화면에서 Shift+MENU 터치) 2. OP QC Settings 화면의 "Commnunication 탭"의 Connection 항목을 ON으로 터치. 3. OP QC Settings 화면의 OK 터치 | H87: 홈 화면의 우측상단 Wi-Fi 아이콘이 연결 상태확인(범례와 묘사와 같은 상태, TBD 초간 지속) 범례 *Wi-Fi 아이콘: 회색으로 RSSI 신호세기 표기상태, 우하단심볼 미표기 | I87: 전송 모드는 수동/자동 각각 설정하여 테스트 진행 측정 모드는 모드별로 테스트 진행 Server는 최소 1개, 최대 4개 늘려가면서 테스트 진행 | J87: ( O, X )
G88: 1. HTR 장비 스위치 OFF 2. TBD 초 이상 대기 3. HTR 장비 스위치 ON | H88: 홈 화면의 우측상단 Wi-Fi & HDR 정상연결 상태확인(아래의 범례와 같은 상태) 범례 *Wi-Fi 아이콘 : 회색으로 RSSI 신호세기 표기상태, 우하단심볼 미표기 *DR 아이콘 : 회색으로 DR 표기, 우하단심볼 미표기 | J88: ( O, X )
G89: 1. 모델아이 장착 2. 홈 화면 좌측상단 RK 선택 3. 조이스틱 수동조작하여 모델아이의 눈동자를 화면 위치로 대략적 배치 4. AUTO 설정(TBD) 5. 홈 화면 우측상단 START 터치 6. OP 키보드의 LOAD 버튼 터치 7. OP Basic Operation 화면 좌측상단 LOAD DATA의 RK 버튼 터치 | H89: 홈 화면 좌측상단 차트번호와 OP Basic Operation 화면 좌측상단 LOAD DATA의 차트번호 비교결과, 차트번호가 일치 상태확인 | J89: ( O, X )
G90: 1. OP Basic Operation 화면 좌측상단 LOAD DATA의 차트번호 터치 2. 홈 화면 좌측 Data List 버튼 터치 | H90: 홈 화면 Data List의 데이터와 OP Basic Operation 화면 상단중간 데이터 비교결과, S(SPH)의 수치가 일치 상태확인(TBD. STEP 디옵터 설정 의존성 확인) | J90: ( O, X )
A91: HDR-001 | B91: AP 연결 및 인증 확인 | C91: 1. AP를 준비한다. 2. HDR에서 AP를 스캔하고, AP 목록을 확인한다. 3. AP 목록에서 AP를 선택하고, Password 를 입력한다. 4. DHCP 를 선택하고 Verify 버튼을 눌러 AP 연결 및 IP주소를 할당받는다. 5. IP 주소, Subnet, Gateway 정보를 확인한다. 6. Static 방식을 선택하고, 다시 Verify 버튼을 눌러 AP 연결을 진행한다. | D91: 1. 연결 가능한 AP 목록 (SSID/RSSI 순서) 2. AP 연결 성공 3. AP 인증 성공 4. IP 주소, Subnet, Gateway 정보 확인 5. DHCP, Static 방식에서 AP 연결 여부 확인 | E91: TC-HDR-001 | F91: - HDR-9000 1대 테스트환경 구성 : - AP(2.4GHz) 1대 | G91: 1. OP QC Settings 화면 진입(OP 홈 화면에서 Shift+MENU 터치) 2. OP QC Settings 화면의 "Commnunication 탭"의 Connection 항목을 ON으로 터치. 3. 돋보기 아이콘(Scan) 터치 | H91: AP List에 SETUP 화면에 RSSI 신호강도가 강한 순에서 작은 순으로 SSID가 배치확인 | I91: 2.4GHz, 5GHz AP 에서 각각 수행 | J91: ( O, X ) | K91: OP QC Settings 화면 진입 위해, OP 홈 화면에서 Shift+MENU 터치 시 간헐적 미인식
G92: 1. AP List에서 연결할 AP SSID 터치(2.4GHz 지원 AP SSID 선택) ex> MER**** 2. AP Password 입력창 터치 및 비밀번호 입력 3. Verify 버튼 터치 4. AP List에서 OK 터치 | H92: 홈 화면의 우측상단 Wi-Fi 아이콘이 연결 상태확인(범례와 묘사와 같은 상태, TBD 초간 지속) 범례 *Wi-Fi 아이콘: 회색으로 RSSI 신호세기 표기상태, 우하단심볼 미표기 | J92: ( O, X )
A93: HDR-002 | B93: AP 재부팅 시 복구 | C93: 1. HDR 과 AP를 연결한다. 2. AP 의 전원을 off 한다. 3. HDR에서 AP 연결 끊어짐 상태를 확인한다. 4. AP 의 전원을 on 한다. 5. HDR에서 AP 연결 됨 상태를 확인한다. | D93: 1. AP 와의 연결/끊어짐 상태 표시 2. AP 재부팅 후 자동 재연결 성공 3. AP 재연결 후 AP, IP 정보 갱신 | E93: TC-HDR-002 | F93: - HDR-9000 1대 - AP(2.4GHz) 1대 | G93: 1. AP 연결 및 인증 확인(HDR-001) | H93: 홈 화면의 우측상단 Wi-Fi 아이콘이 연결 상태확인(범례와 묘사와 같은 상태, TBD 초간 지속) 범례 *Wi-Fi 아이콘: 파란색으로 RSSI 신호세기 표기, 우하단심볼 미표기 | I93: AP 와 연결된 이후에는 주기적으로 연결 상태확인하고 필요하면 재시도 동작 | J93: ( O, X )
G94: 1. AP 전원 DC 배럴 잭 분리(전원 OFF) | H94: 홈 화면의 우측상단 Wi-Fi 아이콘이 미연결 상태확인(범례의 묘사와 다른 상태) 범례 *Wi-Fi 아이콘: 회색으로 RSSI 신호세기 표기상태, 우하단심볼 미표기 | J94: ( O, X )
G95: 1. AP 전원 DC 배럴 잭 연결(전원 ON) | H95: 홈 화면의 우측상단 Wi-Fi 아이콘이 연결 상태확인(범례와 묘사와 같은 상태, TBD 초간 지속) 범례 *Wi-Fi 아이콘: 파란색으로 RSSI 신호세기 표기, 우하단심볼 미표기 | J95: ( O, X )
A96: HDR-003 | B96: 장비 연결 및 데이터 수신(HRK) | C96: 1. HDR 과 AP를 연결한다. 2. HRK 장비에서 HDR IP/PORT 정보를 입력하여, 연결을 진행한다. 3. HDR에서 RK 연결됨 상태를 확인한다. 4. HRK에서 데이터를 전송한다. 5. HDR에서 RK 데이터 수신 확인한다. | D96: 1. AP 연결 상태 표시 2. RK 연결 상태 표시 3. RK 데이터 확인 | E96: TC-HDR-003 | F96: - HDR-9000 1대 - AP(2.4GHz) 1대 - HRK 1대 | G96: 1. HRK-004(TEST ID)을 수행한다. | H96: HRK-004(TEST ID)의 Actual Result와 동등한 결과를 확인한다. | I96: 장비가 여러개인경우 동시 데이터 전송 테스트 필요 | J96: ( O, X )
A97: HDR-004 | B97: 장비 연결 및 데이터 수신(HLM) | C97: 1. HDR 과 AP를 연결한다. 2. HLM 장비에서 HDR IP/PORT 정보를 입력하여, 연결을 진행한다. 3. HDR에서 LM 연결됨 상태를 확인한다. 4. HLM에서 데이터를 전송한다. 5. HDR에서 LM 데이터 수신 확인한다. | D97: 1. AP 연결 상태 표시 2. LM 연결 상태 표시 3. LM 데이터 확인 | E97: TC-HDR-004 | F97: - HDR-9000 1대 - AP(2.4GHz) 1대 - HLM 1대 | G97: 1. HLM-004(TEST ID)을 수행한다. | H97: HLM-004(TEST ID)의 Actual Result와 동등한 결과를 확인한다. | I97: 장비가 여러개인경우 동시 데이터 전송 테스트 필요 | J97: ( O, X )
A98: HDR-005 | B98: 장비 연결 및 데이터 수신(HTR) | C98: 1. HDR 과 AP를 연결한다. 2. HTR 장비에서 HDR IP/PORT 정보를 입력하여, 연결을 진행한다. 3. HDR에서 RK 연결됨 상태를 확인한다. 4. HLM에서 데이터를 전송한다. 5. HDR에서 RK 데이터 수신 확인한다. | D98: 1. AP 연결 상태 표시 2. RK 연결 상태 표시 3. RK 데이터 확인 | E98: TC-HDR-005 | F98: - HDR-9000 1대 - AP(2.4GHz) 1대 - HTR 1대 | G98: 1. HTR-004(TEST ID)을 수행한다 | H98: HTR-004(TEST ID)의 Actual Result와 동등한 결과를 확인한다. | I98: HTR의 경우, NT 데이터도 함께 전송하는 케이스도 테스트 필요. 장비가 여러개인경우 동시 데이터 전송 테스트 필요 | J98: ( O, X )
A99: HDR-006 | B99: 장비 재연결 시 복구 | C99: 1. AP를 연결한다. 2. HRK/HLM/HTR 장비에서 HDR IP/PORT 정보를 입력하여, 연결을 진행한다. 3. HDR에서 RK/LM 연결됨 상태를 확인한다. 3. HRK/HLM/HTR 의 전원을 off 한다. 4. HRK/HLM/HTR 의 전원을 on 하고, AP, HDR 을 연결한다. 5. HRK/HLM/HTR에서 데이터를 전송한다. 6. HDR에서 RK/LM 데이터 수신 확인한다. | D99: 1. AP 연결상태 표시 2. RK / LM 연결 상태 표시 3. RK / LM 데이터 확인 | E99: TC-HDR-006 | F99: - HDR-9000 1대 - AP(2.4GHz) 1대 - HRK 1대 - HLM 1대 - HTR 1대 | G99: 1. AP 연결 및 인증 확인(HDR-001) 2. HTR-003(TEST ID)을 수행한다 3. HTR-004(TEST ID)을 수행한다 4. HTR-005(TEST ID)을 수행한다 3. HRK/HLM/HTR의 전원을 각각 OFF 한다. 4. OP Basic Operation 화면 진입(OP 홈 화면에서 Basic Operation 터치) | H99: OP Basic Operation 화면 우측상단 연결된 장비들의 아이콘의 미연결 상태확인(아래의 범례와 같은 상태) 범례 *Wi-Fi 아이콘(정상 연결상태): 파란색으로 RSSI 신호세기 표기, 우하단심볼 미표기 *HRK 아이콘(미연결상태) : 회색톤 RK 아이콘 표기, 좌하단심볼 X 표기 *HLM 아이콘(미연결상태) : 회색톤 LM 아이콘 표기, 좌하단심볼 X 표기 *HTR 아이콘(미연결상태) : 회색톤 TR(TBD) 아이콘 표기, 좌하단심볼 X 표기 TBD: 동시 여러 개에 대한 테스트는 하였음. 베타적으로 장비 전원 OFF 시 하나씩 테스트도 필요한가? | I99: 장비 전원 OFF 시 하나씩 또는 동시 여러 개에 대한 테스트도 필요 | J99: ( O, X )
E100: TC- | G100: 1. HRK/HLM/HTR 의 전원을 ON 한다. | H100: OP Basic Operation 화면 우측상단 연결된 장비들의 아이콘의 정상연결 상태확인(아래의 범례와 같은 상태) 범례 *Wi-Fi 아이콘(정상 연결상태): 파란색으로 RSSI 신호세기 표기, 우하단심볼 미표기 *HRK 아이콘(정상 연결상태) : 파란색톤 RK 아이콘 표기, 우상단심볼 미표기 *HLM 아이콘(정상 연결상태) : 파란색톤 LM 아이콘 표기, 우상단심볼 미표기 *HTR 아이콘(정상 연결상태) : 파란색톤 TR(TBD) 아이콘 표기, 우상단심볼 미표기 | I100: 전원 OFF (TBD 의미확인필요, 오입력 일 수 있음.) | J100: ( O, X )
...

Sheet Test Runs (2)
A1: 구분 | B1: 날짜 | C1: ID | D1: 테스트 항목 | E1: 기대결과 | F1: 문제점 | G1: 문제점 절차 | H1: 첨부파일(사진)
A2: 문제점 관리 | B2: 46113 | C2: HRK-003 | D2: 측정 Data 전송 | E2: Data 전송이 잘 되어야 함 | F2: -. HIIS 데이터 전송 값 삭제가 안됨 | G2: -. HRK->HIIS->Refraction 데이터 삭제 안됨 (검토)
A3: 문제점 관리 | B3: 46113 | C3: HRK-010 | D3: =IFERROR(INDEX('HRK 테스트'!B:B,MATCH(TRIM(CLEAN(C3)),'HRK 테스트'!A:A,0)), IFERROR(INDEX('HLM 테스트'!B:B,MATCH(TRIM(CLEAN(C3)),'HLM 테스트'!A:A,0)), IFERROR(INDEX('HTR 테스트'!B:B,MATCH(TRIM(CLEAN(C3)),'HTR 테스트'!A:A,0)), IFERROR(INDEX('HDR 테스트'!B:B,MATCH(TRIM(CLEAN(C3)),'HDR 테스트'!A:A,0)), IFERROR(INDEX('HDC 테스트'!B:B,MATCH(TRIM(CLEAN(C3)),'HDC 테스트'!A:A,0)),""))))) -> Server 재연결 시 복구 | E3: =IFERROR(INDEX('HRK 테스트'!D:D,MATCH(TRIM(CLEAN(C3)),'HRK 테스트'!A:A,0)), IFERROR(INDEX('HLM 테스트'!D:D,MATCH(TRIM(CLEAN(C3)),'HLM 테스트'!A:A,0)), IFERROR(INDEX('HTR 테스트'!D:D,MATCH(TRIM(CLEAN(C3)),'HTR 테스트'!A:A,0)), IFERROR(INDEX('HDR 테스트'!D:D,MATCH(TRIM(CLEAN(C3)),'HDR 테스트'!A:A,0)), IFERROR(INDEX('HDC 테스트'!D:D,MATCH(TRIM(CLEAN(C3)),'HDC 테스트'!A:A,0)),""))))) -> 1. Server 접속상태 표시 2. Server와의 접속상태를 갱신하고, 데이터 전송 성공 3. 데이터 전송 실패시 에러메세지 확인( DR(Server)와 끊어짐 상태 표시 또는 전송실패 표시 ) 4. 실패 이후 재전송 성공 | F3: -. AP 재부팅 시 재 연결 안됨 | G3: -. AP 재부팅 시, HDR에서 HRK와 자동 연결이 안되고, HRK에서 재시도를 하면 연결됨
A4: 문제점 관리 | B4: 46113 | C4: HRK-011 | D4: =IFERROR(INDEX('HRK 테스트'!B:B,MATCH(TRIM(CLEAN(C4)),'HRK 테스트'!A:A,0)), IFERROR(INDEX('HLM 테스트'!B:B,MATCH(TRIM(CLEAN(C4)),'HLM 테스트'!A:A,0)), IFERROR(INDEX('HTR 테스트'!B:B,MATCH(TRIM(CLEAN(C4)),'HTR 테스트'!A:A,0)), IFERROR(INDEX('HDR 테스트'!B:B,MATCH(TRIM(CLEAN(C4)),'HDR 테스트'!A:A,0)), IFERROR(INDEX('HDC 테스트'!B:B,MATCH(TRIM(CLEAN(C4)),'HDC 테스트'!A:A,0)),""))))) -> 장비 재부팅 시 복구 | E4: =IFERROR(INDEX('HRK 테스트'!D:D,MATCH(TRIM(CLEAN(C4)),'HRK 테스트'!A:A,0)), IFERROR(INDEX('HLM 테스트'!D:D,MATCH(TRIM(CLEAN(C4)),'HLM 테스트'!A:A,0)), IFERROR(INDEX('HTR 테스트'!D:D,MATCH(TRIM(CLEAN(C4)),'HTR 테스트'!A:A,0)), IFERROR(INDEX('HDR 테스트'!D:D,MATCH(TRIM(CLEAN(C4)),'HDR 테스트'!A:A,0)), IFERROR(INDEX('HDC 테스트'!D:D,MATCH(TRIM(CLEAN(C4)),'HDC 테스트'!A:A,0)),""))))) -> 1. 데이터 전송 성공 2. 데이터 전송 실패시 에러메세지 확인( DR(Server)와 끊어짐 상태 표시 또는 전송실패 표시 ) 3. 실패 이후 재전송 성공 | F4: -. 양산버전이 재부팅 시 연결안됨 | G4: -. 제품 1분정도 OFF 후 재부팅 시 연결X (양산품, CCD 변경품으로 테스트) - 제품별 연결성 차이 검토
A5: 문제점 관리 | B5: 46148 | C5: HRK-001 | D5: =IFERROR(INDEX('HRK 테스트'!B:B,MATCH(TRIM(CLEAN(C5)),'HRK 테스트'!A:A,0)), IFERROR(INDEX('HLM 테스트'!B:B,MATCH(TRIM(CLEAN(C5)),'HLM 테스트'!A:A,0)), IFERROR(INDEX('HTR 테스트'!B:B,MATCH(TRIM(CLEAN(C5)),'HTR 테스트'!A:A,0)), IFERROR(INDEX('HDR 테스트'!B:B,MATCH(TRIM(CLEAN(C5)),'HDR 테스트'!A:A,0)), IFERROR(INDEX('HDC 테스트'!B:B,MATCH(TRIM(CLEAN(C5)),'HDC 테스트'!A:A,0)),""))))) -> AP 연결 및 인증 확인 | E5: =IFERROR(INDEX('HRK 테스트'!D:D,MATCH(TRIM(CLEAN(C5)),'HRK 테스트'!A:A,0)), IFERROR(INDEX('HLM 테스트'!D:D,MATCH(TRIM(CLEAN(C5)),'HLM 테스트'!A:A,0)), IFERROR(INDEX('HTR 테스트'!D:D,MATCH(TRIM(CLEAN(C5)),'HTR 테스트'!A:A,0)), IFERROR(INDEX('HDR 테스트'!D:D,MATCH(TRIM(CLEAN(C5)),'HDR 테스트'!A:A,0)), IFERROR(INDEX('HDC 테스트'!D:D,MATCH(TRIM(CLEAN(C5)),'HDC 테스트'!A:A,0)),""))))) -> 1. 연결 가능한 AP 목록 (SSID/RSSI 순서) 2. AP 연결 성공 3. AP 인증 성공 | F5: =SUBSTITUTE(SUBSTITUTE(IFERROR(INDEX('HRK 테스트'!D:D,MATCH(TRIM(CLEAN(C5)),'HRK 테스트'!A:A,0)), IFERROR(INDEX('HLM 테스트'!D:D,MATCH(TRIM(CLEAN(C5)),'HLM 테스트'!A:A,0)), IFERROR(INDEX('HTR 테스트'!D:D,MATCH(TRIM(CLEAN(C5)),'HTR 테스트'!A:A,0)), IFERROR(INDEX('HDR 테스트'!D:D,MATCH(TRIM(CLEAN(C5)),'HDR 테스트'!A:A,0)), IFERROR(INDEX('HDC 테스트'!D:D,MATCH(TRIM(CLEAN(C5)),'HDC 테스트'!A:A,0)),""))))),CHAR(13)&CHAR(10),CHAR(10)),CHAR(13),CHAR(10)) -> 1. 연결 가능한 AP 목록 (SSID/RSSI 순서) 2. AP 연결 성공 3. AP 인증 성공
A6: 시나리오 & TC 정합성 협의사항(특이사항) | C6: HRK-002 | F6: =IFERROR(INDEX('Test Cases (2)'!K:K,MATCH(TRIM(CLEAN(C6)),'Test Cases (2)'!A:A,0)),"") -> 0
A7: 시나리오 & TC 정합성 협의사항(특이사항) | C7: HRK-003 | F7: =IFERROR(INDEX('Test Cases (2)'!K:K,MATCH(TRIM(CLEAN(C7)),'Test Cases (2)'!A:A,0)),"") -> 0
A8: 시나리오 & TC 정합성 협의사항(특이사항) | C8: HRK-004 | F8: =IFERROR(INDEX('Test Cases (2)'!K:K,MATCH(TRIM(CLEAN(C8)),'Test Cases (2)'!A:A,0)),"") -> 0
A9: 시나리오 & TC 정합성 협의사항(특이사항) | C9: HRK-005 | F9: =IFERROR(INDEX('Test Cases (2)'!K:K,MATCH(TRIM(CLEAN(C9)),'Test Cases (2)'!A:A,0)),"") -> 0
A10: 시나리오 & TC 정합성 협의사항(특이사항) | C10: HRK-006 | F10: =IFERROR(INDEX('Test Cases (2)'!K:K,MATCH(TRIM(CLEAN(C10)),'Test Cases (2)'!A:A,0)),"") -> 0
A11: 시나리오 & TC 정합성 협의사항(특이사항) | C11: HRK-007 | F11: =IFERROR(INDEX('Test Cases (2)'!K:K,MATCH(TRIM(CLEAN(C11)),'Test Cases (2)'!A:A,0)),"") -> 0
A12: 시나리오 & TC 정합성 협의사항(특이사항) | C12: HRK-008 | F12: =IFERROR(INDEX('Test Cases (2)'!K:K,MATCH(TRIM(CLEAN(C12)),'Test Cases (2)'!A:A,0)),"") -> 0
A13: 시나리오 & TC 정합성 협의사항(특이사항) | C13: HRK-009 | F13: =IFERROR(INDEX('Test Cases (2)'!K:K,MATCH(TRIM(CLEAN(C13)),'Test Cases (2)'!A:A,0)),"") -> 0
A14: 시나리오 & TC 정합성 협의사항(특이사항) | C14: HRK-010 | F14: =IFERROR(INDEX('Test Cases (2)'!K:K,MATCH(TRIM(CLEAN(C14)),'Test Cases (2)'!A:A,0)),"") -> -. HRK-9000A CCD 타입은 AP끊었을 시, 아이콘 갱신이 다소 오래걸림(Ver26) -. AP 재부팅 시, HDR에서 HRK와 자동 연결이 안되고, HRK에서 재시도를 하면 연결됨
A15: 시나리오 & TC 정합성 협의사항(특이사항) | C15: HRK-011 | F15: =IFERROR(INDEX('Test Cases (2)'!K:K,MATCH(TRIM(CLEAN(C15)),'Test Cases (2)'!A:A,0)),"") -> 0
A16: 시나리오 & TC 정합성 협의사항(특이사항) | C16: HRK-012 | F16: =IFERROR(INDEX('Test Cases (2)'!K:K,MATCH(TRIM(CLEAN(C16)),'Test Cases (2)'!A:A,0)),"")

Sheet Test Releases (2)
A1: Test Release ID | B1: Upstream Release ID | C1: Test Run IDs | D1: Test Case IDs
A2: TEST_RELEASE_ID-HRK-9000A_1.01.01A | B2: 1.01.01A
A3: TEST_RELEASE_ID-
A4: TEST_RELEASE_ID-
A5: TEST_RELEASE_ID-
A6: TEST_RELEASE_ID-
A7: TEST_RELEASE_ID-
A8: TEST_RELEASE_ID-
A9: TEST_RELEASE_ID-
A10: TEST_RELEASE_ID-
A11: TEST_RELEASE_ID-
A12: TEST_RELEASE_ID-
A13: TEST_RELEASE_ID-
A14: TEST_RELEASE_ID-
... A21: TEST_RELEASE_ID-
A26: Test Target Reference ID | B26: 모델명
A27: =CONCATENATE("TTRID-", B27) -> TTRID-HRK-9000A | B27: HRK-9000A
A28: =CONCATENATE("TTRID-", B28) -> TTRID-HLM-9000 | B28: HLM-9000
A29: =CONCATENATE("TTRID-", B29) -> TTRID-HTR 상세모델명(TBD) | B29: HTR 상세모델명(TBD)
A30: =CONCATENATE("TTRID-", B30) -> TTRID-HDR-9000_OP | B30: HDR-9000_OP
A31: =CONCATENATE("TTRID-", B31) -> TTRID-HDR-9000_JUNCTION_BOX | B31: HDR-9000_JUNCTION_BOX
A32: =CONCATENATE("TTRID-", B32) -> TTRID-HDR-9000_? | B32: HDR-9000_?
A33: =CONCATENATE("TTRID-", B33) -> TTRID-HDC-9100 | B33: HDC-9100
A40: Test Target ID | B40: 모델명 | C40: 대상 일련번호
A41: TTRID-HRK-9000A | B41: HRK-9000A | C41: 9HA09A24I0014
A42: TTRID-HLM-9000 | B42: HLM-9000 | C42: 9LM00024D0014
A43: TTRID-HTR 상세모델명(TBD) | B43: HTR 상세모델명(TBD) | C43: TBD
A44: TTRID-HDR-9000_OP | B44: HDR-9000_OP | C44: TBD
A45: TTRID-HDR-9000_JUNCTION_BOX | B45: HDR-9000_JUNCTION_BOX | C45: TBD
A46: TTRID-HDR-9000_? | B46: HDR-9000_? | C46: TBD
A47: TTRID-HDC-9100 | B47: HDC-9100 | C47: PP #1(관리번호 L-062)
A54: Test Environment ID | B54: 모델명 | C54: 대상 일련번호
B55: MR30G | C55: 2232318003141
B56: MR30G | C56: Wi-Fi Band 분리설정
B57: MR30G | C57: Wi-Fi Channel 설정
B58: MR30G | C58: Channel Bandwidth 설정
B59: MR30G | C59: Wi-Fi 규격 ( Mode ) 설정
B60: MR30G | C60: Wi-Fi Security
B61: Lens
B62: 모델아이
B63: Junction Box Power Cable
B64: HDC Power Cable
B65: HLM Power Cable : L-form Power Cable
B66: OP Signal and Power Cable
B67: HDR Signal and Power Cable
A69: Test Run ID
A75: Test Case IDs | B75: Defects ID | C75: Validation ID | D75: Test Release Date
A80: 구분 | B80: 날짜 | C80: ID | D80: 테스트 항목 | E80: 기대결과 | F80: 문제점 | G80: 문제점 절차 | H80: 첨부파일(사진)
A81: 문제점 관리 | B81: 46113 | C81: HRK-003 | D81: 측정 Data 전송 | E81: Data 전송이 잘 되어야 함 | F81: -. HIIS 데이터 전송 값 삭제가 안됨 | G81: -. HRK->HIIS->Refraction 데이터 삭제 안됨 (검토)
A82: 문제점 관리 | B82: 46113 | C82: HRK-010 | D82: =IFERROR(INDEX('HRK 테스트'!B:B,MATCH(TRIM(CLEAN(C82)),'HRK 테스트'!A:A,0)), IFERROR(INDEX('HLM 테스트'!B:B,MATCH(TRIM(CLEAN(C82)),'HLM 테스트'!A:A,0)), IFERROR(INDEX('HTR 테스트'!B:B,MATCH(TRIM(CLEAN(C82)),'HTR 테스트'!A:A,0)), IFERROR(INDEX('HDR 테스트'!B:B,MATCH(TRIM(CLEAN(C82)),'HDR 테스트'!A:A,0)), IFERROR(INDEX('HDC 테스트'!B:B,MATCH(TRIM(CLEAN(C82)),'HDC 테스트'!A:A,0)),""))))) -> Server 재연결 시 복구 | E82: =IFERROR(INDEX('HRK 테스트'!D:D,MATCH(TRIM(CLEAN(C82)),'HRK 테스트'!A:A,0)), IFERROR(INDEX('HLM 테스트'!D:D,MATCH(TRIM(CLEAN(C82)),'HLM 테스트'!A:A,0)), IFERROR(INDEX('HTR 테스트'!D:D,MATCH(TRIM(CLEAN(C82)),'HTR 테스트'!A:A,0)), IFERROR(INDEX('HDR 테스트'!D:D,MATCH(TRIM(CLEAN(C82)),'HDR 테스트'!A:A,0)), IFERROR(INDEX('HDC 테스트'!D:D,MATCH(TRIM(CLEAN(C82)),'HDC 테스트'!A:A,0)),""))))) -> 1. Server 접속상태 표시 2. Server와의 접속상태를 갱신하고, 데이터 전송 성공 3. 데이터 전송 실패시 에러메세지 확인( DR(Server)와 끊어짐 상태 표시 또는 전송실패 표시 ) 4. 실패 이후 재전송 성공 | F82: -. AP 재부팅 시 재 연결 안됨 | G82: -. AP 재부팅 시, HDR에서 HRK와 자동 연결이 안되고, HRK에서 재시도를 하면 연결됨
A83: 문제점 관리 | B83: 46113 | C83: HRK-011 | D83: =IFERROR(INDEX('HRK 테스트'!B:B,MATCH(TRIM(CLEAN(C83)),'HRK 테스트'!A:A,0)), IFERROR(INDEX('HLM 테스트'!B:B,MATCH(TRIM(CLEAN(C83)),'HLM 테스트'!A:A,0)), IFERROR(INDEX('HTR 테스트'!B:B,MATCH(TRIM(CLEAN(C83)),'HTR 테스트'!A:A,0)), IFERROR(INDEX('HDR 테스트'!B:B,MATCH(TRIM(CLEAN(C83)),'HDR 테스트'!A:A,0)), IFERROR(INDEX('HDC 테스트'!B:B,MATCH(TRIM(CLEAN(C83)),'HDC 테스트'!A:A,0)),""))))) -> 장비 재부팅 시 복구 | E83: =IFERROR(INDEX('HRK 테스트'!D:D,MATCH(TRIM(CLEAN(C83)),'HRK 테스트'!A:A,0)), IFERROR(INDEX('HLM 테스트'!D:D,MATCH(TRIM(CLEAN(C83)),'HLM 테스트'!A:A,0)), IFERROR(INDEX('HTR 테스트'!D:D,MATCH(TRIM(CLEAN(C83)),'HTR 테스트'!A:A,0)), IFERROR(INDEX('HDR 테스트'!D:D,MATCH(TRIM(CLEAN(C83)),'HDR 테스트'!A:A,0)), IFERROR(INDEX('HDC 테스트'!D:D,MATCH(TRIM(CLEAN(C83)),'HDC 테스트'!A:A,0)),""))))) -> 1. 데이터 전송 성공 2. 데이터 전송 실패시 에러메세지 확인( DR(Server)와 끊어짐 상태 표시 또는 전송실패 표시 ) 3. 실패 이후 재전송 성공 | F83: -. 양산버전이 재부팅 시 연결안됨 | G83: -. 제품 1분정도 OFF 후 재부팅 시 연결X (양산품, CCD 변경품으로 테스트) - 제품별 연결성 차이 검토
A84: 문제점 관리 | B84: 46148 | C84: HRK-001 | D84: =IFERROR(INDEX('HRK 테스트'!B:B,MATCH(TRIM(CLEAN(C84)),'HRK 테스트'!A:A,0)), IFERROR(INDEX('HLM 테스트'!B:B,MATCH(TRIM(CLEAN(C84)),'HLM 테스트'!A:A,0)), IFERROR(INDEX('HTR 테스트'!B:B,MATCH(TRIM(CLEAN(C84)),'HTR 테스트'!A:A,0)), IFERROR(INDEX('HDR 테스트'!B:B,MATCH(TRIM(CLEAN(C84)),'HDR 테스트'!A:A,0)), IFERROR(INDEX('HDC 테스트'!B:B,MATCH(TRIM(CLEAN(C84)),'HDC 테스트'!A:A,0)),""))))) -> AP 연결 및 인증 확인 | E84: =IFERROR(INDEX('HRK 테스트'!D:D,MATCH(TRIM(CLEAN(C84)),'HRK 테스트'!A:A,0)), IFERROR(INDEX('HLM 테스트'!D:D,MATCH(TRIM(CLEAN(C84)),'HLM 테스트'!A:A,0)), IFERROR(INDEX('HTR 테스트'!D:D,MATCH(TRIM(CLEAN(C84)),'HTR 테스트'!A:A,0)), IFERROR(INDEX('HDR 테스트'!D:D,MATCH(TRIM(CLEAN(C84)),'HDR 테스트'!A:A,0)), IFERROR(INDEX('HDC 테스트'!D:D,MATCH(TRIM(CLEAN(C84)),'HDC 테스트'!A:A,0)),""))))) -> 1. 연결 가능한 AP 목록 (SSID/RSSI 순서) 2. AP 연결 성공 3. AP 인증 성공 | F84: =SUBSTITUTE(SUBSTITUTE(IFERROR(INDEX('HRK 테스트'!D:D,MATCH(TRIM(CLEAN(C84)),'HRK 테스트'!A:A,0)), IFERROR(INDEX('HLM 테스트'!D:D,MATCH(TRIM(CLEAN(C84)),'HLM 테스트'!A:A,0)), IFERROR(INDEX('HTR 테스트'!D:D,MATCH(TRIM(CLEAN(C84)),'HTR 테스트'!A:A,0)), IFERROR(INDEX('HDR 테스트'!D:D,MATCH(TRIM(CLEAN(C84)),'HDR 테스트'!A:A,0)), IFERROR(INDEX('HDC 테스트'!D:D,MATCH(TRIM(CLEAN(C84)),'HDC 테스트'!A:A,0)),""))))),CHAR(13)&CHAR(10),CHAR(10)),CHAR(13),CHAR(10)) -> 1. 연결 가능한 AP 목록 (SSID/RSSI 순서) 2. AP 연결 성공 3. AP 인증 성공
A85: 시나리오 & TC 정합성 협의사항(특이사항) | C85: HRK-002 | F85: =IFERROR(INDEX('Test Cases (2)'!K:K,MATCH(TRIM(CLEAN(C85)),'Test Cases (2)'!A:A,0)),"") -> 0
A86: 시나리오 & TC 정합성 협의사항(특이사항) | C86: HRK-003 | F86: =IFERROR(INDEX('Test Cases (2)'!K:K,MATCH(TRIM(CLEAN(C86)),'Test Cases (2)'!A:A,0)),"") -> 0
A87: 시나리오 & TC 정합성 협의사항(특이사항) | C87: HRK-004 | F87: =IFERROR(INDEX('Test Cases (2)'!K:K,MATCH(TRIM(CLEAN(C87)),'Test Cases (2)'!A:A,0)),"") -> 0
A88: 시나리오 & TC 정합성 협의사항(특이사항) | C88: HRK-005 | F88: =IFERROR(INDEX('Test Cases (2)'!K:K,MATCH(TRIM(CLEAN(C88)),'Test Cases (2)'!A:A,0)),"") -> 0
A89: 시나리오 & TC 정합성 협의사항(특이사항) | C89: HRK-006 | F89: =IFERROR(INDEX('Test Cases (2)'!K:K,MATCH(TRIM(CLEAN(C89)),'Test Cases (2)'!A:A,0)),"") -> 0
A90: 시나리오 & TC 정합성 협의사항(특이사항) | C90: HRK-007 | F90: =IFERROR(INDEX('Test Cases (2)'!K:K,MATCH(TRIM(CLEAN(C90)),'Test Cases (2)'!A:A,0)),"") -> 0
A91: 시나리오 & TC 정합성 협의사항(특이사항) | C91: HRK-008 | F91: =IFERROR(INDEX('Test Cases (2)'!K:K,MATCH(TRIM(CLEAN(C91)),'Test Cases (2)'!A:A,0)),"") -> 0
A92: 시나리오 & TC 정합성 협의사항(특이사항) | C92: HRK-009 | F92: =IFERROR(INDEX('Test Cases (2)'!K:K,MATCH(TRIM(CLEAN(C92)),'Test Cases (2)'!A:A,0)),"") -> 0
A93: 시나리오 & TC 정합성 협의사항(특이사항) | C93: HRK-010 | F93: =IFERROR(INDEX('Test Cases (2)'!K:K,MATCH(TRIM(CLEAN(C93)),'Test Cases (2)'!A:A,0)),"") -> -. HRK-9000A CCD 타입은 AP끊었을 시, 아이콘 갱신이 다소 오래걸림(Ver26) -. AP 재부팅 시, HDR에서 HRK와 자동 연결이 안되고, HRK에서 재시도를 하면 연결됨
A94: 시나리오 & TC 정합성 협의사항(특이사항) | C94: HRK-011 | F94: =IFERROR(INDEX('Test Cases (2)'!K:K,MATCH(TRIM(CLEAN(C94)),'Test Cases (2)'!A:A,0)),"") -> 0
A95: 시나리오 & TC 정합성 협의사항(특이사항) | C95: HRK-012 | F95: =IFERROR(INDEX('Test Cases (2)'!K:K,MATCH(TRIM(CLEAN(C95)),'Test Cases (2)'!A:A,0)),"")

Sheet Test Report
A1: Test Report ID | B1: Test Release ID
A2: TEST_RELEASE_ID-HRK-9000A_1.01.01A | B2: TEST_RELEASE_ID-HRK-9000A_1.01.01A
A3: TEST_RELEASE_ID- | B3: TEST_RELEASE_ID-
A4: TEST_RELEASE_ID- | B4: TEST_RELEASE_ID-
A5: TEST_RELEASE_ID- | B5: TEST_RELEASE_ID-
A6: TEST_RELEASE_ID- | B6: TEST_RELEASE_ID-
A7: TEST_RELEASE_ID- | B7: TEST_RELEASE_ID-
A8: TEST_RELEASE_ID- | B8: TEST_RELEASE_ID-
A9: TEST_RELEASE_ID- | B9: TEST_RELEASE_ID-
A10: TEST_RELEASE_ID- | B10: TEST_RELEASE_ID-
A11: TEST_RELEASE_ID- | B11: TEST_RELEASE_ID-
A12: TEST_RELEASE_ID- | B12: TEST_RELEASE_ID-
... A21: TEST_RELEASE_ID- | B21: TEST_RELEASE_ID-

Sheet Connectivity Room Routers (2)
A1: 제조사 | B1: 제품별칭 | C1: 모델명 | D1: 일련번호 | E1: Purpose of Use | F1: Input | G1: Default SSID(5GHz) | H1: Default SSID(2.4GHz) | I1: Default Password | J1: Installed Location(Last Location) | K1: Installed Date | L1: Sticker Labeled | M1: First Connection Tested | N1: 비고
A2: ASUS | B2: Wireless Dual Band WiFi 6 Router | C2: RT-AX1800S V2 | D2: W1IG758026888HD | E2: 미국 현지 네트워크 환경 모의 | F2: 12V, 1.5A | G2: ASUS_F6 | H2: ASUS_F6 | I2: 11708421 | J2: /6th/Connectivity Room/4th_rack_black/TODO | K2: 46148 | L2: TODO | M2: TODO | N2: Quick Wi-Fi Connect QR Code
A3: NETGEAR | B3: Nighthawk AXE11000 Tri-Band WiFi 6E Router | C3: RAXE500 | D3: 6TA53B7HD00EE | E3: 미국 현지 네트워크 환경 모의 | F3: 19V, 3.16A | G3: NETGEAR11 | H3: NETGEAR11 | I3: basicbird145 | J3: /6th/Connectivity Room/4th_rack_black/TODO | K3: 46148 | L3: TODO | M3: TODO
A4: NETGEAR | B4: AC1200 WiFi Router | C4: R6120 | D4: 64E226B3A225B | E4: 미국 현지 네트워크 환경 모의 | F4: 12V, 1.5A | G4: NETGEAR56 | H4: NETGEAR56 | I4: fuzzyphoenix865 | J4: /6th/Connectivity Room/4th_rack_black/TODO | K4: 46148 | L4: TODO | M4: TODO
A5: Tenda | B5: Dual-Band Gigabit Wi-Fi 6 Router | C5: RX2 Pro | D5: ED681011551001002 V1.0 | E5: 미국 현지 네트워크 환경 모의 | F5: 12V, 1A | G5: Tenda_EFFAA0 | H5: Tenda_EFFAA0 | I5: 14796449 | J5: /6th/Connectivity Room/4th_rack_black/TODO | K5: 46148 | L5: TODO | M5: TODO
A6: TP-link | B6: AX1800 Gigabit Wi-Fi 6 Router | C6: Archer AX1800(USW) Ver:4.6 | D6: Y233061F00520 | E6: 미국 현지 네트워크 환경 모의 | F6: 12V, 1.5A | G6: TB-Link_A2B2_5G | H6: TB-Link_A2B2 | I6: 38042966 | J6: /6th/Connectivity Room/4th_rack_black/TODO | K6: 46148 | L6: TODO | M6: TODO | N6: JOIN PRESET Wi-Fi QR CODE Default Setup Link : http://tplinkwifi.net
A7: TP-link | B7: AX1500 Wi-Fi 6 Router | C7: Archer AX10 | D7: Y258005000560 | E7: 미국 현지 네트워크 환경 모의 | F7: 12V, 1A | G7: TB-Link_35E8_5G | H7: TB-Link_35E8 | I7: 24795388 | J7: /6th/Connectivity Room/4th_rack_black/TODO | K7: 46148 | L7: TODO | M7: TODO
A8: MERCUSYS | B8: AC1200 Wireless Dual Band Gigabit Router | C8: MR30G | D8: 2232318003141 | E8: 대한민국 현지 네트워크 환경 모의 | F8: 9V, 0.85A | G8: MERCUSYS_BA30_5G | H8: MERCUSYS_BA30 | I8: 5939373 | J8: /6th/Connectivity Room/3rd_rack_white_1/TODO | L8: TODO | M8: TODO | N8: TODO

Sheet 테스트 환경
A1: Router WiFi 체크리스트
A2: ID | B2: 체크 항목 | C2: Study & TBD | D2: Examples to Avoid | E2: Actual Steps to Apply | F2: Actual Applied | G2: Remark & Questions
A3: 1 | B3: Wi-Fi Band 분리설정 | C3: TBD 2.4GHz : xxxxx (_2_4G 접미사 붙이면 명시적) 5GHz : xxxxx_5G | E3: http://{router_ip} http://192.168.0.1 또는 http://192.168.1.1 공유기 하단 라벨 참고 Smart Connect / Band Steering | F3: OFF or SSID 분리표기확인
A4: 2 | B4: Wi-Fi Channel 설정 | C4: TBD 2.4GHz : 1, 6 , 11 을 실무적으로 추천 5GHz : 36, 40, 44, 48 채널고정 (DFS 채널 회피) | D4: Channel: Auto | E4: Wireless / Channel | F4: 2.4GHz Channel → 1 / 6 / 11 5GHz Channel → 36 / 40 / 44 / 48
A5: 3 | B5: Channel Bandwidth 설정 | C5: 20MHz: 좁지만 안정적, 호환성 좋음 40MHz / 80MHz / 160MHz: 빠르지만 호환성 떨어질 TBD 20MHz 사용필요, RS9116 지원 Channel Bandwidth. | D5: Bandwidth: Auto | E5: Channel Width / Bandwidth | F5: 20MHz | G5: Wi-Fi NIC용 RS9116 어떤 제품군에서 내장되어 있는지? Huvitz 제품군 Wi-Fi NIC? 제품 호환 Router?
A6: 4 | B6: Wi-Fi 규격 ( Mode ) 설정 | C6: 802.11b/g/n = Wi-Fi 4 구형 호환 좋음 802.11ac = Wi-Fi 5 802.11ax = Wi-Fi 6 802.11be = Wi-Fi 7 TBD 802.11 b/g/n mixed 또는 802.11 a/b/g/n mixed | D6: Mode: Auto 802.11ax only WiFi 6 only WiFi 6 mixed with WPA3 | E6: Wireless Mode | F6: 802.11 b/g/n mixed 또는 802.11 a/b/g/n mixed
A7: 5 | B7: Wi-Fi Security | C7: TBD WPA2 WPA2-Personal Encryption: AES | D7: WPA3 WPA2/WPA3 mixed TKIP Enterprise | E7: WPA2-Personal AES
A8: TBD | B8: Wi-Fi smart functions ( 편의기능 ) | D8: Smart Connect: Off

Sheet TRACE ID
A1: ID | B1: 테스트 항목 | C1: 테스트 절차 | D1: 기대 결과 | E1: Test Config | F1: Test Procedure | G1: Actual Result | H1: 비고 | I1: 결과 판정 | J1: 특이사항
A2: HRK-001 | B2: AP 연결 및 인증 확인 | C2: 1. 사용자 설정에서 WIFI - BAND를 2.4GHz / 5GHz 선택한다. 2. AP SSID 스캔을 위해 SCAN버튼을 touch한다. 3. AP List 모달(팝업)에서 사용할 AP를 터치. 4. AP 의 ID/Password 를 입력하고, Verify 버튼을 touch한다. 5. 인증 확인 메시지를 확인한다. - 성공시: AP Password is okay! - 실패시: Error code 확인 | D2: 1. 연결 가능한 AP 목록 (SSID/RSSI 순서) 2. AP 연결 성공 3. AP 인증 성공 | E2: 테스트대상 구성 (장비 대수, Serial Number, S/W Version): - HRK-9000A (1대, 9HA09A24I0014, 1.01.01A) 테스트환경 구성 : - AP(2.4GHz Band) 1대 | F2: 1. SETUP MODE 화면으로 진입(홈 화면 우측 하단 톱니바퀴 아이콘 터치) 2. SETUP MODE 화면-2 페이지-WIFI 탭 으로이동 3. BAND 항목을 2.4GHz로 터치 4. SCAN 버튼 터치. | G2: AP List에 SETUP 화면에 RSSI 신호강도가 강한 순에서 작은 순으로 SSID가 배치확인 | H2: 2.4GHz, 5GHz AP 에서 각각 수행 연결 실패시, 에러메세지 확인 최초 연결 후 AP 끊어지는 경우 체크 필요 | I2: 1. HDR / 1) 1대 / 2) 2대 / 2. HIIS / 3. MATE / | J2: SETUP MODE 화면 진입 위해 "홈 화면 우측 하단 톱니바퀴 아이콘 터치" 시 간헐적 미인식
F3: 1. AP List 모달(팝업)에서 사용할 AP를 터치. | G3: SETUP MODE 화면-2 페이지-WIFI 탭 의 AP SSID 항목에 선택한 SSID 가 시현
F4: 1. AP Password 입력 2. Verify 버튼 터치 3. AP Password is okay! 모달 시현 대기 4. AP Password is okay! 모달 OK 버튼 터치 | G4: 최초 연결 후 TBD 초 간 AP 끊어짐 없고, 연결관련 에러메세지 없이, 측정화면의 우측상단 Wi-Fi & HDR 정상연결 상태확인(아래의 범례와 같은 상태) 범례 *Wi-Fi 아이콘(정상 연결상태): 파란색으로 RSSI 신호세기 표기, 우하단심볼 미표기

Sheet HRK 테스트
A1: Test Senario ID | B1: 테스트 항목 | C1: 테스트 절차 | D1: 기대 결과 | E1: Test Config ID | F1: Test Case ID | G1: Test Procedure | H1: Actual Result | I1: 비고 | J1: 결과 판정 | K1: 특이사항
A2: HRK-001 | B2: AP 연결 및 인증 확인 | C2: 1. 사용자 설정에서 WIFI - BAND를 2.4GHz / 5GHz 선택한다. 2. AP SSID 스캔을 위해 SCAN버튼을 touch한다. 3. AP List 모달(팝업)에서 사용할 AP를 터치. 4. AP 의 ID/Password 를 입력하고, Verify 버튼을 touch한다. 5. 인증 확인 메시지를 확인한다. - 성공시: AP Password is okay! - 실패시: Error code 확인 | D2: 1. 연결 가능한 AP 목록 (SSID/RSSI 순서) 2. AP 연결 성공 3. AP 인증 성공 | E2: 테스트대상 구성 (장비 대수, S/W Version): - HRK-9000A (1대, 1.01.01A) 테스트환경 구성 : - AP(2.4GHz Band) 1대 | F2: TC-HRK-001-WIFI-001 | G2: 1. SETUP MODE 화면으로 진입(홈 화면 우측 하단 톱니바퀴 아이콘 터치) 2. SETUP MODE 화면-2 페이지-WIFI 탭 으로이동 3. BAND 항목을 2.4GHz로 터치 4. SCAN 버튼 터치. | H2: AP List에 SETUP 화면에 RSSI 신호강도가 강한 순에서 작은 순으로 SSID가 배치확인 | I2: 2.4GHz, 5GHz AP 에서 각각 수행 연결 실패시, 에러메세지 확인 최초 연결 후 AP 끊어지는 경우 체크 필요 | J2: 1. HDR / 1) 1대 / 2) 2대 / 2. HIIS / 3. MATE / | K2: SETUP MODE 화면 진입 위해 "홈 화면 우측 하단 톱니바퀴 아이콘 터치" 시 간헐적 미인식
G3: 1. AP List 모달(팝업)에서 사용할 AP를 터치. | H3: SETUP MODE 화면-2 페이지-WIFI 탭 의 AP SSID 항목에 선택한 SSID 가 시현
G4: 1. AP Password 입력 2. Verify 버튼 터치 3. AP Password is okay! 모달 시현 대기 4. AP Password is okay! 모달 OK 버튼 터치 | H4: 최초 연결 후 TBD 초 간 AP 끊어짐 없고, 연결관련 에러메세지 없이, 측정화면의 우측상단 Wi-Fi & HDR 정상연결 상태확인(아래의 범례와 같은 상태) 범례 *Wi-Fi 아이콘(정상 연결상태): 파란색으로 RSSI 신호세기 표기, 우하단심볼 미표기
A5: HRK-002 | B5: Server 연결 확인 | C5: 1. AP를 연결한다. 2. 사용자 설정에서 HDR IP / Port 를 입력한다. (port (default: 42000)) 3. 사용자 설정을 나와서 HDR(Server) 연결을 확인한다. 4. 오른쪽 위 상단의 ICON 확인 - 제품 4대 연결 가능. (HDR / HRK-Mate / HIIS) - 연결 성공 O, 연결 실패 X로 icon 위에 표시 (모두 연결시 O/X 표시 안함.) | D5: 1. DR 연결 성공 | E5: 테스트대상 구성 (장비 대수, S/W Version): - HRK-9000A (1대, 1.01.01A) 테스트환경 구성 : - AP(2.4GHz Band) 1대 - HDR-9000 1대 | F5: TC-HRK-002-WIFI-001 | G5: 1. AP 연결 및 인증 확인(HRK-001) 2. SETUP MODE 화면으로 진입(홈 화면 우측 하단 톱니바퀴 아이콘 터치) 3. SETUP MODE 화면-2 페이지-HDR IP 1탭으로 이동 4. HDR Nickname 입력 ex> HDR9000_1(연결할 Nickname) 5. HDR IP 입력 ex> 192.168.***.***(연결할 HDR IP) 6. HDR Port 입력 ex> 42000(연결할 Port) 7. HDR 연결할 항목에 대한 Checkbox를 터치(V 표기 시현되도록) | H5: 홈 화면의 우측상단 Wi-Fi & HDR 정상연결 상태확인(아래의 범례와 같은 상태) 범례 *Wi-Fi 아이콘 : 회색으로 RSSI 신호세기 표기상태, 좌상단심볼 미표기 *DR 아이콘 : 회색으로 DR 표기, 좌상단심볼 미표기 | I5: 최소 1개, 최대4개 늘려가면서 연결 시도 이후 모든 전송 테스트도 Server 개수 늘려가면서 진행 | J5: 1. HDR / 1) 1대 / 합 2) 2대 / 2. HIIS / 3. MATE /
A6: HRK-003 | B6: 측정데이터 전송(수동모드) | C6: 1. AP를 연결한다. 2. HDR(Server)을 연결한다. 3. 사용자 설정에서 TRANSFER TYPE(전송모드)를 수동(Manual)으로 설정한다. 4. REF / KER 측정 모드에서 데이터를 측정한다. 5. 프린트 버튼을 누르거나, 화면에 프린트 버튼을 touch 한다. 6. HDR network connect 팝업창에서 HDR (server) 버튼을 touch하여, 데이터를 전송한다. 7. HDR( Server )에서 데이터를 수신 확인한다. 8. 전송 이후, AP 또는 Server 연결이 끊어지는지 확인한다. | D6: 1. 데이터 전송 성공 2. 데이터 전송 실패시 에러메세지 확인( DR(Server)와 끊어짐 상태 표시 또는 전송실패 표시 ) 3. 실패 이후 재전송 성공 | E6: 테스트대상 구성 (장비 대수, S/W Version): - HRK-9000A (1대, 1.01.01A) 테스트환경 구성 : - AP(2.4GHz Band) 1대 - HDR-9000 1대 | F6: TC-HRK-003-WIFI-001 | G6: 1. AP 연결 및 인증 확인(HRK-001) 2. Server 연결 확인(HRK-002, HDR에 연결) 3. SETUP MODE 화면으로 진입(홈 화면 우측 하단 톱니바퀴 아이콘 터치) 4. SETUP MODE 화면-2 페이지-WIFI 탭으로 이동 5. TRANSFER TYPE를 Manual으로 설정. 6. "REF/KER 측정 MODE 화면"으로 이동(SETUP MODE 화면에서 좌측상단 홈 아이콘 터치) 7. 모델아이 장착 8. 조이스틱 수동조작하여 모델아이의 눈동자를 화면 위치로 대략적 배치 9. "REF/KER 측정 MODE 화면"의 중간상단의 MEASURE 아이콘을 터치 | H6: HRK가 "REF/KER 측정 MODE 화면"에서 모델아이 측정한 상태로 멈춤 확인 | I6: 측정 모드는 모드별로 테스트 진행 | J6: 1. HDR / 1) 1대 / 합 2) 2대 / 2. HIIS / 3. MATE /
G7: 1. "REF/KER 측정 MODE 화면"의 우측하단의 프린터 아이콘을 터치. 2. HDR network connect 팝업창에서 HDR (server) 아이콘을 터치. | H7: "REF/KER 측정 MODE 화면"의 HDR network connect 팝업창에서 HDR (server) 아이콘이 문서교환 아이콘으로 변경시현확인
G8: 1. HDR network connect 팝업창에서 OK 버튼 터치 | H8: HRK가 움직이며 ALIGN CENTER 비모달 시현 후 동공의 CENTER에서 멈춤
G9: 1. OP 키보드의 LOAD 버튼 클릭 2. OP Basic Operation 화면 좌측상단 LOAD DATA의 RK 버튼 터치 | H9: "REF/KER 측정 MODE 화면" 좌측상단 차트번호와 OP Basic Operation 화면 좌측상단 LOAD DATA의 차트번호 비교결과, 측정화면 차트번호가 1이 더 큰지 확인
G10: 1. OP Basic Operation 화면 좌측상단 LOAD DATA의 차트번호 터치 | H10: "REF/KER 측정 MODE 화면"의 중간단의 좌우 R, L 데이터 목록과 OP Basic Operation 화면 상단중간 데이터 비교결과, S(SPH), C(CYLINDER), A(TBD)의 수치가 일치 상태확인(TBD. STEP 디옵터 설정 의존성 확인)
A11: HRK-004 | B11: 측정데이터 전송(자동모드) | C11: 1. AP를 연결한다. 2. HDR(Server)을 연결한다. 3. 사용자 설정에서 TRANSFER TYPE(전송모드)를 자동(Auto)으로 설정한다. 4. REF / KER 측정 모드에서 데이터를 측정한다. 5. 프린트 버튼을 누르거나, 화면에 프린트 버튼을 touch 한다. 6. HDR (Server) 가 모두 연결된 경우, 팝업창이 뜨지 않고 데이터가 전송되는지 확인한다. - 1대 이상 연결된 경우, 모두 연결된 상태확인 - 여러대 중 1~2대 연결이 끊어진 상태확인 (전송모드가 자동이어도, HDR network connect 팝업창이 떠야 정상) 7. HDR( Server )에서 데이터를 수신 확인한다. 8. 전송 이후, AP 또는 Server 연결이 끊어지는지 확인한다. | D11: 1. 데이터 전송 성공 2. 데이터 전송 실패시 에러메세지 확인( DR(Server)와 끊어짐 상태 표시 또는 전송실패 표시 ) 3. 실패 이후 재전송 성공 | E11: 테스트대상 구성 (장비 대수, S/W Version): - HRK-9000A (1대, 1.01.01A) 테스트환경 구성 : - AP(2.4GHz Band) 1대 - HDR-9000 1대 | F11: TC-HRK-004-WIFI-001 | G11: 1. AP 연결 및 인증 확인(HRK-001) 2. Server 연결 확인(HRK-002, HDR에 연결) 3. SETUP MODE 화면으로 진입(홈 화면 우측 하단 톱니바퀴 아이콘 터치) 4. SETUP MODE 화면-2 페이지-WIFI 탭으로 이동 5. TRANSFER TYPE를 Auto로 설정. 6. "REF/KER 측정 MODE 화면"으로 이동(SETUP MODE 화면에서 좌측상단 홈 아이콘 터치) 7. 모델아이 장착 8. 조이스틱 수동조작하여 모델아이의 눈동자를 화면 위치로 대략적 배치 9. "REF/KER 측정 MODE 화면"의 중간상단의 MEASURE 아이콘을 터치 | H11: HRK가 "REF/KER 측정 MODE 화면"에서 모델아이 측정한 상태로 멈춤 확인 | I11: 측정 모드는 모드별로 테스트 진행 | J11: 1. HDR / 1) 1대 / 합 2) 2대 / 2. HIIS / 3. MATE /
G12: 1. "REF/KER 측정 MODE 화면"의 우측하단의 프린터 아이콘을 터치. | H12: "REF/KER 측정 MODE 화면"의 HDR network connect 팝업창이 뜨지 않고, HRK가 움직이며 ALIGN CENTER 비모달 시현 후 동공의 CENTER에서 멈춤
G13: 1. OP 키보드의 LOAD 버튼 클릭 2. OP Basic Operation 화면 좌측상단 LOAD DATA의 RK 버튼 터치 | H13: "REF/KER 측정 MODE 화면" 좌측상단 차트번호와 OP Basic Operation 화면 좌측상단 LOAD DATA의 차트번호 비교결과, 측정화면 차트번호가 1이 더 큰지 확인 TBD - 1대 이상 연결된 경우, 모두 연결된 상태확인 - 여러대 중 1~2대 연결이 끊어진 상태확인 (전송모드가 자동이어도, HDR network connect 팝업창이 떠야 정상)
G14: 1. OP Basic Operation 화면 좌측상단 LOAD DATA의 차트번호 터치 | H14: "REF/KER 측정 MODE 화면"의 중간단의 좌우 R, L 데이터 목록과 OP Basic Operation 화면 상단중간 데이터 비교결과, S(SPH), C(CYLINDER), A(TBD)의 수치가 일치 상태확인(TBD. STEP 디옵터 설정 의존성 확인)
A15: HRK-005 | B15: 이미지(IOL) 촬영 후 전송 | C15: 1. RETRO-ILLUMINATION MODE에 들어간다. 2. 이미지를 촬영한다. - 조이스틱 누르거나, 화면에 CAPTURE touch - 최소1장 ~ 최대4장 capture, OD/OS 무관 3. 프린트 버튼을 눌러 데이터를 전송한다. - Image Transmitting (1/4) : 캡쳐한 이미지 4장중 1장 전송중 - Image Transfer Successful! : 이미지 전송 성공 - Image Transfer Failed! : 이미지 전송 실패 4. 전송이 완료 되면, HDR( Server )에서 데이터를 수신 확인한다. 5. 전송 이후, AP 또는 Server 연결이 끊어지는지 확인한다. | D15: 1. 데이터 전송 성공 2. 데이터 전송 실패시 에러메세지 확인( DR(Server)와 끊어짐 상태 표시 또는 전송실패 표시 ) 3. 실패 이후 재전송 성공 4. HDR이 Server 목록에 있더라도 전송 성공 하는지 유무 | E15: 테스트대상 구성 (장비 대수, S/W Version): - HRK-9000A (1대, 1.01.01A) 테스트환경 구성 : - AP(2.4GHz Band) 1대 - HDR-9000 1대 | F15: TC-HRK-005-WIFI-001 | G15: 1. "REF/KER 측정 MODE 화면"의 좌측하단 부기기능 아이콘(2x2 Matrix 아이콘, 우상단, 좌하단 2개 파란색, 나머지 2개 회색) 터치 2. Retro-ILL 터치 3. HRK 동작 멈출 때까지 대기 4. 조이스틱의 Shot 버튼 누름 | H15: RETRO-ILLUMINATION MODE 화면 하단중간 Image Captured 시현확인 | I15: 같은 환자번호에서, 여러 번 보냈을때 이미지가 덮어쓰여지는지 확인 필요. | J15: 1. HDR / 전송 기능 없음 1) 1대 / 2) 2대 / 2. HIIS / 3. MATE /
G16: 1. "REF/KER 측정 MODE 화면"으로 이동(좌측상단의 홈 아이콘 터치) 2. "REF/KER 측정 MODE 화면"의 우측하단의 프린터 아이콘을 터치. | H16: "REF/KER 측정 MODE 화면" 좌측상단 차트번호와 OP Basic Operation 화면 좌측상단 LOAD DATA의 차트번호 비교결과, 측정화면 차트번호가 1이 더 큰지 확인 TBD - HDR( Server )에서 데이터를 수신 확인한다. (OP 어디에서 수신이미지 확인하기 위한 위치 공유요청) TBD - Patient ID가 동일한 마이봄샘 이미지가 저장되어 있었다면, 덮어씀 (덮어쓰는 이미지 전 후 비교방법 공유요청) TBD - 같은 환자번호에서, 여러 번 보냈을때 이미지가 덮어쓰여지는지 확인 필요. (같은 환자번호에서, 여러 번 보내는 방법 공유요청)
A17: HRK-006 | B17: 이미지( COLOR ) 촬영 후 전송 | C17: 1. COLOR VIEW MODE에 들어간다. 2. 이미지를 촬영한다. - 조이스틱 누르거나, 화면에 CAPTURE touch - 최소1장 ~ 최대4장 capture, OD/OS 무관 3. 프린트 버튼을 눌러 데이터를 전송한다. - Image Transmitting (1/4) : 캡쳐한 이미지 4장중 1장 전송중 - Image Transfer Successful! : 이미지 전송 성공 - Image Transfer Failed! : 이미지 전송 실패 4. 전송이 완료 되면, HDR( Server )에서 데이터를 수신 확인한다. 5. 전송 이후, AP 또는 Server 연결이 끊어지는지 확인한다. | D17: 1. 데이터 전송 성공 2. 데이터 전송 실패시 에러메세지 확인( DR(Server)와 끊어짐 상태 표시 또는 전송실패 표시 ) 3. 실패 이후 재전송 성공 4. HDR이 Server 목록에 있더라도 전송 성공 하는지 유무 | E17: 테스트대상 구성 (장비 대수, S/W Version): - HRK-9000A (1대, 1.01.01A) 테스트환경 구성 : - AP(2.4GHz Band) 1대 - HDR-9000 1대 | F17: TC-HRK-006-WIFI-001 | G17: 1. "REF/KER 측정 MODE 화면"의 좌측하단 부기기능 아이콘(2x2 Matrix 아이콘, 우상단, 좌하단 2개 파란색, 나머지 2개 회색) 터치 2. COLOR 터치 3. HRK 동작 멈출 때까지 대기 4. 조이스틱의 Shot 버튼 누름 | H17: COLOR VIEW MODE 화면 하단중간 Image Captured 시현확인 | I17: 같은 환자번호에서, 여러 번 보냈을때 이미지가 덮어쓰여지는지 확인 필요. | J17: 1. HDR / 전송 기능 없음 1) 1대 / 2) 2대 / 2. HIIS / 3. MATE /
G18: 1. "REF/KER 측정 MODE 화면"으로 이동(좌측상단의 홈 아이콘 터치) 2. "REF/KER 측정 MODE 화면"의 우측하단의 프린터 아이콘을 터치. 3. HRK 동작 멈출 때까지 대기 | H18: "REF/KER 측정 MODE 화면" 좌측상단 차트번호와 OP Basic Operation 화면 좌측상단 LOAD DATA의 차트번호 비교결과, 측정화면 차트번호가 1이 더 큰지 확인 TBD - HDR( Server )에서 데이터를 수신 확인한다. (OP 어디에서 수신이미지 확인하기 위한 위치 공유요청) TBD - Patient ID가 동일한 마이봄샘 이미지가 저장되어 있었다면, 덮어씀 (덮어쓰는 이미지 전 후 비교방법 공유요청) TBD - 같은 환자번호에서, 여러 번 보냈을때 이미지가 덮어쓰여지는지 확인 필요. (같은 환자번호에서, 여러 번 보내는 방법 공유요청)
A19: HRK-007 | B19: 이미지( TFBUT ) 촬영 후 전송 | C19: 1. TFBUT MODE에 들어간다. 2. 이미지를 촬영한다. - 조이스틱 누르거나, 화면에 CAPTURE touch - 최소1장 ~ 최대4장 capture, OD/OS 무관 3. 프린트 버튼을 눌러 데이터를 전송한다. - Image Transmitting (1/4) : 캡쳐한 이미지 4장중 1장 전송중 - Image Transfer Successful! : 이미지 전송 성공 - Image Transfer Failed! : 이미지 전송 실패 4. 전송이 완료 되면, HDR( Server )에서 데이터를 수신 확인한다. 5. 전송 이후, AP 또는 Server 연결이 끊어지는지 확인한다. | D19: 1. 데이터 전송 성공 2. 데이터 전송 실패시 에러메세지 확인( DR(Server)와 끊어짐 상태 표시 또는 전송실패 표시 ) 3. 실패 이후 재전송 성공 4. HDR이 Server 목록에 있더라도 전송 성공 하는지 유무 | E19: 테스트대상 구성 (장비 대수, S/W Version): - HRK-9000A (1대, 1.01.01A) 테스트환경 구성 : - AP(2.4GHz Band) 1대 - HDR-9000 1대 | F19: TC-HRK-007-WIFI-001 | G19: 1. "REF/KER 측정 MODE 화면"의 좌측하단 부기기능 아이콘(2x2 Matrix 아이콘, 우상단, 좌하단 2개 파란색, 나머지 2개 회색) 터치 2. TFBUT 터치 3. HRK 동작 멈출 때까지 대기 4. 조이스틱의 Shot 버튼 누름 | H19: TFBUT MODE 화면 하단중간 Image Captured 시현확인 | I19: 같은 환자번호에서, 여러 번 보냈을때 이미지가 덮어쓰여지는지 확인 필요. Server 가 HIIS-1인 경우, duration time 출력 여부 확인 필요. | J19: 1. HDR / 전송 기능 없음 1) 1대 / 2) 2대 / 2. HIIS / 3. MATE /
G20: 1. "REF/KER 측정 MODE 화면"으로 이동(좌측상단의 홈 아이콘 터치) 2. "REF/KER 측정 MODE 화면"의 우측하단의 프린터 아이콘을 터치. 3. HRK 동작 멈출 때까지 대기 | H20: "REF/KER 측정 MODE 화면" 좌측상단 차트번호와 OP Basic Operation 화면 좌측상단 LOAD DATA의 차트번호 비교결과, 측정화면 차트번호가 1이 더 큰지 확인 TBD - HDR( Server )에서 데이터를 수신 확인한다. (OP 어디에서 수신이미지 확인하기 위한 위치 공유요청) TBD - Patient ID가 동일한 마이봄샘 이미지가 저장되어 있었다면, 덮어씀 (덮어쓰는 이미지 전 후 비교방법 공유요청) TBD - 같은 환자번호에서, 여러 번 보냈을때 이미지가 덮어쓰여지는지 확인 필요. (같은 환자번호에서, 여러 번 보내는 방법 공유요청)
A21: HRK-008 | B21: 이미지( MEIBO ) 촬영 후 전송 | C21: 1. MEIBOGRAPHY MODE에 들어간다. 2. 이미지를 촬영한다. - 조이스틱 누르거나, 화면에 CAPTURE touch - 최소1장 ~ 최대4장 capture, OD/OS 무관 3. 프린트 버튼을 눌러 데이터를 전송한다. - Image Transmitting (1/4) : 캡쳐한 이미지 4장중 1장 전송중 - Image Transfer Successful! : 이미지 전송 성공 - Image Transfer Failed! : 이미지 전송 실패 4. 전송이 완료 되면, HDR( Server )에서 데이터를 수신 확인한다. 5. 전송 이후, AP 또는 Server 연결이 끊어지는지 확인한다. | D21: 1. 데이터 전송 성공 2. 데이터 전송 실패시 에러메세지 확인( DR(Server)와 끊어짐 상태 표시 또는 전송실패 표시 ) 3. 실패 이후 재전송 성공 4. HDR이 Server 목록에 있더라도 전송 성공 하는지 유무 | E21: 테스트대상 구성 (장비 대수, S/W Version): - HRK-9000A (1대, 1.01.01A) 테스트환경 구성 : - AP(2.4GHz Band) 1대 - HDR-9000 1대 | F21: TC-HRK-008-WIFI-001 | G21: 1. "REF/KER 측정 MODE 화면"의 좌측하단 부기기능 아이콘(2x2 Matrix 아이콘, 우상단, 좌하단 2개 파란색, 나머지 2개 회색) 터치 2. MEIBO 터치 3. HRK 동작 멈출 때까지 대기 4. 조이스틱의 Shot 버튼 누름 | H21: MEIBOGRAPHY MODE 화면의 하단중간 Image Captured 시현확인 | I21: 같은 환자번호에서, 여러 번 보냈을때 이미지가 덮어쓰여지는지 확인 필요. | J21: 1. HDR / 전송 기능 없음 1) 1대 / 2) 2대 / 2. HIIS / 3. MATE /
G22: 1. "REF/KER 측정 MODE 화면"으로 이동(좌측상단의 홈 아이콘 터치) 2. "REF/KER 측정 MODE 화면"의 우측하단의 프린터 아이콘을 터치 3. HRK 동작 멈출 때까지 대기 | H22: "REF/KER 측정 MODE 화면" 좌측상단 차트번호와 OP Basic Operation 화면 좌측상단 LOAD DATA의 차트번호 비교결과, 측정화면 차트번호가 1이 더 큰지 확인 TBD - HDR( Server )에서 데이터를 수신 확인한다. (OP 어디에서 수신이미지 확인하기 위한 위치 공유요청) TBD - Patient ID가 동일한 마이봄샘 이미지가 저장되어 있었다면, 덮어씀 (덮어쓰는 이미지 전 후 비교방법 공유요청) TBD - 같은 환자번호에서, 여러 번 보냈을때 이미지가 덮어쓰여지는지 확인 필요. (같은 환자번호에서, 여러 번 보내는 방법 공유요청)
A23: HRK-009 | B23: 이미지( MEIBO - 강조 ) 전송 | C23: 1. MEIBOGRAPHY MODE에 들어간다. 2. 이미지를 촬영한다. 3. 눈 모양 버튼을 touch하여 이미지 display 화면으로 들어가서 마이봄샘을 강조할 이미지 1장을 선택한다. 4. 아이콘 버튼을 touch하여 마이봄샘을 강조한다. 5. 프린트 버튼을 눌러 데이터를 전송한다. - Image Transmitting (1/1) : 캡쳐한 이미지 1장 전송중 - Image Transfer Successful! : 이미지 전송 성공 - Image Transfer Failed! : 이미지 전송 실패 6. 전송이 완료 되면, HDR( Server )에서 데이터를 수신 확인한다. (Patient ID가 동일한 마이봄샘 이미지가 저장되어 있었다면, 덮어씀) 7. 전송 이후, AP 또는 Server 연결이 끊어지는지 확인한다. | D23: 1. 데이터 전송 성공 2. 데이터 전송 실패시 에러메세지 확인( DR(Server)와 끊어짐 상태 표시 또는 전송실패 표시 ) 3. 실패 이후 재전송 성공 4. HDR이 Server 목록에 있더라도 전송 성공 하는지 유무 | E23: 테스트대상 구성 (장비 대수, S/W Version): - HRK-9000A (1대, 1.01.01A) 테스트환경 구성 : - AP(2.4GHz Band) 1대 - HDR-9000 1대 | F23: TC-HRK-009-WIFI-001 | G23: 1. "REF/KER 측정 MODE 화면"의 좌측하단 부기기능 아이콘(2x2 Matrix 아이콘, 우상단, 좌하단 2개 파란색, 나머지 2개 회색) 터치 2. MEIBO 터치 3. HRK 동작 멈출 때까지 대기 4. 조이스틱의 Shot 아이콘 누름 | H23: MEIBOGRAPHY MODE 화면의 하단중간 Image Captured 시현확인 | I23: 같은 환자번호에서, 여러 번 보냈을때 이미지가 덮어쓰여지는지 확인 필요. | J23: 1. HDR / 전송 기능 없음 1) 1대 / 2) 2대 / 2. HIIS / 3. MATE /
G24: 1. MEIBOGRAPHY 화면의 우측하단 이중 사각형 안 눈모양 아이콘을 터치 | H24: "MEIBOGRAPHY MODE 이미지 시현화면"으로 화면전환 확인 (4개의 이미지가 한 화면에 4분할 되어 시현)
G25: 1. MEIBOGRAPHY MODE 이미지 시현화면의 4장 중 마이봄샘을 강조할 이미지 1장을 선택한다. 2. 선택된 이미지의 우측하단 마이봄샘 아이콘을 터치 | H25: "MEIBOGRAPHY MODE 이미지 시현화면"의 선택된 화면의 우측하단 마이봄샘 아이콘의 마이봄샘 색상이 보라색으로 시현확인
G26: 1. "REF/KER 측정 MODE 화면"으로 이동(좌측상단의 뒤로가기 아이콘 터치) 2. "REF/KER 측정 MODE 화면"으로 이동(좌측상단의 뒤로가기 아이콘 터치) 3. "REF/KER 측정 MODE 화면"으로 이동(홈 아이콘 터치) 4. "REF/KER 측정 MODE 화면"의 우측하단의 프린터 아이콘을 터치 5. HRK 동작 멈출 때까지 대기 | H26: "REF/KER 측정 MODE 화면" 좌측상단 차트번호와 OP Basic Operation 화면 좌측상단 LOAD DATA의 차트번호 비교결과, 측정화면 차트번호가 1이 더 큰지 확인 TBD - HDR( Server )에서 데이터를 수신 확인한다. (OP 어디에서 수신이미지 확인하기 위한 위치 공유요청) - Patient ID가 동일한 마이봄샘 이미지가 저장되어 있었다면, 덮어씀 (덮어쓰는 이미지 전 후 비교방법 공유요청) - 같은 환자번호에서, 여러 번 보냈을때 이미지가 덮어쓰여지는지 확인 필요. (같은 환자번호에서, 여러 번 보내는 방법 공유요청)
A27: HRK-010 | B27: Server 재연결 시 복구 | C27: 1. AP를 연결한다. 2. HDR(Server)을 연결한다. 3. 연결을 확인한 후, 임의의 Server의 AP 연결을 끊는다. 4. 임의의 Server AP 재접속을 진행한다. 5. HRK에서 끊어짐 표시를 확인한 후 데이터를 측정한다. 6. 데이터를 전송한다. 7. 전송목록에서 연결이 끊어진 Server의 아이콘 상태를 확인한다. 8. 아이콘을 눌러 재접속을 진행한 후 데이터를 전송한다. 9. Server에서 데이터를 수신 확인한다. | D27: 1. Server 접속상태 표시 2. Server와의 접속상태를 갱신하고, 데이터 전송 성공 3. 데이터 전송 실패시 에러메세지 확인( DR(Server)와 끊어짐 상태 표시 또는 전송실패 표시 ) 4. 실패 이후 재전송 성공 | E27: 테스트대상 구성 (장비 대수, S/W Version): - HRK-9000A (1대, 1.01.01A) 테스트환경 구성 : - AP(2.4GHz Band) 1대 - HDR-9000 1대 | F27: TC-HRK-010-WIFI-001 | G27: 1. AP 연결 및 인증 확인(HRK-001) 2. Server 연결 확인(HRK-002, HDR에 연결) 3. SETUP MODE 화면으로 진입(홈 화면 우측 하단 톱니바퀴 아이콘 터치) 4. SETUP MODE 화면-2 페이지-WIFI 탭으로 이동 5. TRANSFER TYPE를 Auto로 설정. 6. "REF/KER 측정 MODE 화면"으로 이동(SETUP MODE 화면에서 좌측상단 홈 아이콘 터치) | H27: "REF/KER 측정 MODE 화면" 시현확인 | I27: 전송 모드는 수동/자동 각각 설정하여 테스트 진행 측정 모드는 모드별로 테스트 진행 Server는 최소 1개, 최대 4개 늘려가면서 테스트 진행 | J27: 1. HDR / 1) 1대 / 불 2) 2대 / 2. HIIS / 3. MATE / | K27: -. HRK-9000A CCD 타입은 AP끊었을 시, 아이콘 갱신이 다소 오래걸림(Ver26) -. AP 재부팅 시, HDR에서 HRK와 자동 연결이 안되고, HRK에서 재시도를 하면 연결됨
G28: 1. 모델아이 장착 2. 조이스틱 수동조작하여 모델아이의 눈동자를 화면 위치로 대략적 배치 3. OP 홈 화면 진입(OP Basic Operation 화면에서 좌측상단 홈 아이콘 터치) 4. OP QC Settings 화면 진입(OP 홈 화면에서 Shift+MENU 터치) 5. OP QC Settings 화면의 "Commnunication 탭"의 Connection 항목을 OFF로 터치. 6. OP QC Settings 화면의 OK 터치 | H28: "REF/KER 측정 MODE 화면"에서 우측상단에서 *HDR 아이콘(미연결상태) 확인. 범례 *HDR 아이콘(미연결상태) : 회색톤 아이콘 표기, 좌상단심볼 X 파란색으로 표기
G29: 1. OP QC Settings 화면 진입(OP 홈 화면에서 Shift+MENU 터치) 2. OP QC Settings 화면의 "Commnunication 탭"의 Connection 항목을 ON로 터치. 3. OP QC Settings 화면의 OK 터치 | H29: OP 홈 화면 시현확인
G30: 1. "REF/KER 측정 MODE 화면"의 중간상단의 MEASURE 아이콘을 터치 2. "REF/KER 측정 MODE 화면"의 우측하단의 프린터 아이콘을 터치. | H30: HDR network connect 모달 시현확인
G31: 1. "REF/KER 측정 MODE 화면"의 HDR network connect 모달에서 "HDR 재연결 시도 아이콘" 터치 | H31: "REF/KER 측정 MODE 화면"의 HDR network connect 모달에서 "HDR 재연결 시도 아이콘" 이 "HDR 연결완료 아이콘" 으로 변경 확인
G32: 1. "REF/KER 측정 MODE 화면"의 HDR network connect 모달에서 OK 터치 2. OP Basic Operation 화면 진입(OP 홈 화면에서 Basic Operation 터치) 3. OP 키보드의 LOAD 버튼 터치 4. OP Basic Operation 화면 좌측상단 LOAD DATA의 RK 버튼 터치 | H32: "REF/KER 측정 MODE 화면" 좌측상단 차트번호와 OP Basic Operation 화면 좌측상단 LOAD DATA의 차트번호 비교결과, "REF/KER 측정 MODE 화면" 차트번호가 2차이 이상 임을 확인 (데이터 안들어온 것으로 판단) TBD. 정상루틴인 건지 문제인건지 확인필요
G33: 1. "REF/KER 측정 MODE 화면"의 중간상단의 MEASURE 아이콘을 터치 2. "REF/KER 측정 MODE 화면"의 우측하단의 프린터 아이콘을 터치. 3. OP Basic Operation 화면 진입(OP 홈 화면에서 Basic Operation 터치) 4. OP 키보드의 LOAD 버튼 터치 5. OP Basic Operation 화면 좌측상단 LOAD DATA의 RK 버튼 터치 | H33: "REF/KER 측정 MODE 화면" 좌측상단 차트번호와 OP Basic Operation 화면 좌측상단 LOAD DATA의 차트번호 비교결과, "REF/KER 측정 MODE 화면" 차트번호가 1이 더 큰지 확인
G34: 1. OP Basic Operation 화면 좌측상단 LOAD DATA의 차트번호 터치 | H34: "REF/KER 측정 MODE 화면"의 중간단의 좌우 R, L 데이터 목록과 OP Basic Operation 화면 상단중간 데이터 비교결과, S(SPH), C(CYLINDER), A(TBD)의 수치가 일치 상태확인(TBD. STEP 디옵터 설정 의존성 확인)
E35: 테스트대상 구성 (장비 대수, S/W Version): - HRK-9000A (1대, 1.01.01A) 테스트환경 구성 : - AP(2.4GHz Band) 1대 - HDR-9000 1대 | G35: 1. AP 연결 및 인증 확인(HRK-001) 2. Server 연결 확인(HRK-002, HDR에 연결) 3. SETUP MODE 화면으로 진입(홈 화면 우측 하단 톱니바퀴 아이콘 터치) 4. SETUP MODE 화면-2 페이지-WIFI 탭으로 이동 5. TRANSFER TYPE를 Auto로 설정. 6. "REF/KER 측정 MODE 화면"으로 이동(SETUP MODE 화면에서 좌측상단 홈 아이콘 터치) | H35: "REF/KER 측정 MODE 화면" 시현확인 | I35: 전송 모드는 수동/자동 각각 설정하여 테스트 진행 측정 모드는 모드별로 테스트 진행 Server는 최소 1개, 최대 4개 늘려가면서 테스트 진행 | J35: 1. HDR / 1) 1대 / 불 2) 2대 / 2. HIIS / 3. MATE / | K35: -. HRK-9000A CCD 타입은 AP끊었을 시, 아이콘 갱신이 다소 오래걸림(Ver26) -. AP 재부팅 시, HDR에서 HRK와 자동 연결이 안되고, HRK에서 재시도를 하면 연결됨
G36: 1. 모델아이 장착 2. 조이스틱 수동조작하여 모델아이의 눈동자를 화면 위치로 대략적 배치 3. OP 홈 화면 진입(OP Basic Operation 화면에서 좌측상단 홈 아이콘 터치) 4. OP QC Settings 화면 진입(OP 홈 화면에서 Shift+MENU 터치) 5. OP QC Settings 화면의 "Commnunication 탭"의 Connection 항목을 OFF로 터치. 6. OP QC Settings 화면의 OK 터치 | H36: "REF/KER 측정 MODE 화면"에서 우측상단에서 *HDR 아이콘(미연결상태) 확인. 범례 *HDR 아이콘(미연결상태) : 회색톤 아이콘 표기, 좌상단심볼 X 파란색으로 표기
G37: 1. OP QC Settings 화면 진입(OP 홈 화면에서 Shift+MENU 터치) 2. OP QC Settings 화면의 "Commnunication 탭"의 Connection 항목을 ON로 터치. 3. OP QC Settings 화면의 OK 터치 | H37: OP 홈 화면 시현확인
G38: 1. "REF/KER 측정 MODE 화면"의 중간상단의 MEASURE 아이콘을 터치 2. "REF/KER 측정 MODE 화면"의 우측하단의 프린터 아이콘을 터치. | H38: HDR network connect 모달 시현확인
G39: 1. "REF/KER 측정 MODE 화면"의 HDR network connect 모달에서 "HDR 재연결 시도 아이콘" 터치 | H39: "REF/KER 측정 MODE 화면"의 HDR network connect 모달에서 "HDR 재연결 시도 아이콘" 이 "HDR 연결완료 아이콘" 으로 변경 확인
G40: 1. "REF/KER 측정 MODE 화면"의 HDR network connect 모달에서 OK 터치 2. OP Basic Operation 화면 진입(OP 홈 화면에서 Basic Operation 터치) 3. OP 키보드의 LOAD 버튼 터치 4. OP Basic Operation 화면 좌측상단 LOAD DATA의 RK 버튼 터치 | H40: "REF/KER 측정 MODE 화면" 좌측상단 차트번호와 OP Basic Operation 화면 좌측상단 LOAD DATA의 차트번호 비교결과, "REF/KER 측정 MODE 화면" 차트번호가 2차이 이상 임을 확인 (데이터 안들어온 것으로 판단) TBD. 정상루틴인 건지 문제인건지 확인필요
G41: 1. "REF/KER 측정 MODE 화면"의 중간상단의 MEASURE 아이콘을 터치 2. "REF/KER 측정 MODE 화면"의 우측하단의 프린터 아이콘을 터치. 3. OP Basic Operation 화면 진입(OP 홈 화면에서 Basic Operation 터치) 4. OP 키보드의 LOAD 버튼 터치 5. OP Basic Operation 화면 좌측상단 LOAD DATA의 RK 버튼 터치 | H41: "REF/KER 측정 MODE 화면" 좌측상단 차트번호와 OP Basic Operation 화면 좌측상단 LOAD DATA의 차트번호 비교결과, "REF/KER 측정 MODE 화면" 차트번호가 1이 더 큰지 확인
G42: 1. OP Basic Operation 화면 좌측상단 LOAD DATA의 차트번호 터치 | H42: "REF/KER 측정 MODE 화면"의 중간단의 좌우 R, L 데이터 목록과 OP Basic Operation 화면 상단중간 데이터 비교결과, S(SPH), C(CYLINDER), A(TBD)의 수치가 일치 상태확인(TBD. STEP 디옵터 설정 의존성 확인)
A43: HRK-011 | B43: 장비 재부팅 시 복구 | C43: 1. AP를 연결한다. 2. HDR(Server)을 연결한다. 3. 연결을 확인한 후, 장비의 전원을 off 한다. 4. 장비의 전원을 on 한다. 5. AP / HDR(Server) 재접속 여부를 확인한다. 6. 재접속이 되지않은경우, 수동으로 재접속을 진행한다. 7. 데이터를 측정한다. 8. Server에서 데이터를 수신 확인한다. | D43: 1. 데이터 전송 성공 2. 데이터 전송 실패시 에러메세지 확인( DR(Server)와 끊어짐 상태 표시 또는 전송실패 표시 ) 3. 실패 이후 재전송 성공 | E43: 테스트대상 구성 (장비 대수, S/W Version): - HRK-9000A (1대, 1.01.01A) 테스트환경 구성 : - AP(2.4GHz Band) 1대 - HDR-9000 1대 | F43: TC-HRK-011-WIFI-001 | G43: 1. AP 연결 및 인증 확인(HRK-001) 2. Server 연결 확인(HRK-002, HDR에 연결) 3. SETUP MODE 화면으로 진입(홈 화면 우측 하단 톱니바퀴 아이콘 터치) 4. SETUP MODE 화면-2 페이지-WIFI 탭으로 이동 5. TRANSFER TYPE를 Auto로 설정. 6. "REF/KER 측정 MODE 화면"으로 이동(SETUP MODE 화면에서 좌측상단 홈 아이콘 터치) 7. 모델아이 장착 8. 조이스틱 수동조작하여 모델아이의 눈동자를 화면 위치로 대략적 배치 | H43: 모델아이의 눈의 윤곽이 "REF/KER 측정 MODE 화면"에 시현확인 | I43: 전송 모드는 수동/자동 각각 설정하여 테스트 진행 측정 모드는 모드별로 테스트 진행 Server는 최소 1개, 최대 4개 늘려가면서 테스트 진행 | J43: 1. HDR / 1) 1대 / 2) 2대 / 2. HIIS / 3. MATE /
G44: 1. OP QC Settings 화면 진입(OP 홈 화면에서 Shift+MENU 터치) 2. OP QC Settings 화면의 "Commnunication 탭"의 Connection 항목을 ON로 터치. 3. OP QC Settings 화면의 OK 터치 | H44: OP 홈 화면 시현확인
G45: 1. HTR 장비 스위치 OFF 2. TBD 초 이상 대기 3. HTR 장비 스위치 ON | H45: "REF/KER 측정 MODE 화면"의 우측상단 Wi-Fi & HDR 정상연결 상태확인(아래의 범례와 같은 상태) 범례 *Wi-Fi 아이콘 : 회색으로 RSSI 신호세기 표기상태, 우하단심볼 미표기 *DR 아이콘 : 회색으로 DR 표기, 우하단심볼 미표기
G46: 1. 재접속이 되지않은경우, 수동으로 재접속을 진행한다.
G47: 1. "REF/KER 측정 MODE 화면"의 중간상단의 MEASURE 아이콘을 터치 2. "REF/KER 측정 MODE 화면"의 우측하단의 프린터 아이콘을 터치. | H47: HDR network connect 모달 시현확인
G48: 1. "REF/KER 측정 MODE 화면"의 HDR network connect 모달에서 "HDR 재연결 시도 아이콘" 터치 | H48: "REF/KER 측정 MODE 화면"의 HDR network connect 모달에서 "HDR 재연결 시도 아이콘" 이 "HDR 연결완료 아이콘" 으로 변경 확인
G49: 1. "REF/KER 측정 MODE 화면"의 HDR network connect 모달에서 OK 터치 2. OP Basic Operation 화면 진입(OP 홈 화면에서 Basic Operation 터치) 3. OP 키보드의 LOAD 버튼 터치 4. OP Basic Operation 화면 좌측상단 LOAD DATA의 RK 버튼 터치 | H49: "REF/KER 측정 MODE 화면" 좌측상단 차트번호와 OP Basic Operation 화면 좌측상단 LOAD DATA의 차트번호 비교결과, "REF/KER 측정 MODE 화면" 차트번호가 1이 더 큰지 확인
G50: 1. OP Basic Operation 화면 좌측상단 LOAD DATA의 차트번호 터치 | H50: "REF/KER 측정 MODE 화면"의 중간단의 좌우 R, L 데이터 목록과 OP Basic Operation 화면 상단중간 데이터 비교결과, S(SPH), C(CYLINDER), A(TBD)의 수치가 일치 상태확인(TBD. STEP 디옵터 설정 의존성 확인)

Sheet HLM 테스트
A1: Test Senario ID | B1: 테스트 항목 | C1: 테스트 절차 | D1: 기대 결과 | E1: Test Config ID | F1: Test Case ID | G1: Test Procedure | H1: Actual Result | I1: 비고 | J1: 결과 판정 | K1: 특이사항
A2: HLM-001 | B2: AP 연결 및 인증 확인 | C2: 1. 사용자 설정에서 NETWORK - AP ID 스캔을 위해 SCAN버튼을 touch한다. 2. AP list (popup창)에서 사용할 AP를 선택 한다. 3. AP 의 ID/Password 를 입력하고, Verify 버튼을 touch한다. 4. 인증 확인 메시지를 확인한다. - 성공시: AP Password is okay! - 실패시: Error code 확인 | D2: 1. 연결 가능한 AP 목록 (SSID/RSSI 순서) 2. AP 연결 성공 3. AP 인증 성공 | E2: 테스트대상 구성 : - HLM 1대 테스트환경 구성 : - AP(2.4GHz) 1대 | F2: TC-HLM-001 | G2: 1. SETUP 화면 진입(측정화면 우측하단 Gear 아이콘 터치) 2. SETUP 화면-NETWORK 탭-1 페이지로 이동 3. AP ID 선택(2.4GHz AP SSID) ex> MER**** 4. Scan 버튼 터치 | H2: AP List에 SETUP 화면에 RSSI 신호강도가 강한 순에서 작은 순으로 SSID가 배치확인 | I2: 2.4GHz, 5GHz AP 에서 각각 수행 연결 실패시, 에러메세지 확인 최초 연결 후 AP 끊어지는 경우 체크 필요 | J2: ( O, X )
G3: 1. AP Password 입력 2. Verify 버튼 터치 3. AP Password is okay! 모달 시현 대기 4. AP Password is okay! 모달 OK 버튼 터치 | H3: 최초 연결 후 TBD 초 간 AP 끊어짐 없고, 연결관련 에러메세지 없이, 측정화면의 우측상단 Wi-Fi & HDR 정상연결 상태확인(아래의 범례와 같은 상태) 범례 *Wi-Fi 아이콘(정상 연결상태): 파란색으로 RSSI 신호세기 표기, 우하단심볼 미표기 | J3: ( O, X )
A4: HLM-002 | B4: Server 연결 확인 | C4: 1. AP를 연결한다. 2. 사용자 설정에서 NETWORK - 2page에 IP / Port 를 입력한다. (port (default: 2100)) 3. 사용자 설정을 나와서 HDR(Server) 연결을 확인한다. 4. 오른쪽 위 상단의 ICON 확인 - 제품 4대 연결 가능. (HDR / HIIS) - 연결 성공 O, 연결 실패 X로 icon 위에 표시 (모두 연결시 O/X 표시 안함.) | D4: 1. DR 연결 성공 | E4: 테스트대상 구성 : - HLM 1대 테스트환경 구성 : - AP(2.4GHz) 1대 - HDR-9000 1대 | F4: TC-HLM-002 | G4: 1. AP 연결 및 인증 확인(HLM-001) 2. SETUP 화면-NETWORK 탭-2 페이지 SSID 입력 3. SETUP 화면-NETWORK 탭-2 페이지 IP 입력 ex> 192.168.***.*** 4. SETUP 화면-NETWORK 탭-2 페이지 Port 입력 ex> 2100(default port) 5. 측정화면으로 이동(SETUP 화면의 좌측상단 BACK 버튼을 터치) | H4: 측정화면에서 우측상단에서 *HDR 아이콘(정상 연결상태) 확인한다. 범례 *HDR 아이콘(정상 연결상태) : 파란색톤 DR 아이콘 표기, 우상단심볼 미표기 | I4: 최소 1개, 최대4개 늘려가면서 연결 시도 이후 모든 전송 테스트도 Server 개수 늘려가면서 진행 | J4: ( O, X )
A5: HLM-003 | B5: 측정데이터 전송 (수동모드) | C5: 1. AP를 연결한다. 2. HDR(Server)을 연결한다. 3. 사용자 설정에서 NETWORK -Trans. Type (전송모드)를 Manual(수동)으로 설정한다. 4. 측정화면에서 측정렌즈를 LENS cap 위에 올려 두고 데이터를 측정한다. 5. 화면에 프린트 버튼을 touch 한다. 6. HDR network connect 팝업창에서 HDR (server) 버튼을 touch하여, 데이터를 전송한다. 7. HDR( Server )에서 데이터를 수신 확인한다. 8. 전송 이후, AP 또는 Server 연결이 끊어지는지 확인한다. | D5: 1. 데이터 전송 성공 2. 데이터 전송 실패시 에러메세지 확인( DR(Server)와 끊어짐 상태 표시 또는 전송실패 표시 ) 3. 실패 이후 재전송 성공 | E5: 테스트대상 구성 : - HLM 1대 테스트환경 구성 : - AP(2.4GHz) 1대 - HDR-9000 1대 | F5: TC-HLM-003 | G5: 1. AP 연결 및 인증 확인(HLM-001) 2. Server 연결 확인(HLM-002, HDR에 연결) 3. SETUP 화면- NETWORK -Trans. Type을 Manual로 설정. 4. 측정렌즈를 HLM의 LENS cap 위에 안착(측정화면 과녁에서 + 가 최대크기가 되는 지점에서) 5. HDR network connect 팝업창에서 HDR (server) 아이콘 터치 | H5: HDR (Server)가 모두 연결된 경우 > HDR network connect 팝업창 없이 데이터 전송 확인 HDR (Server)가 모두 연결되지 않은 경우 > HDR network connect 팝업창 뜨고 데이터 전송 확인? 두가지 경우의 수 모두 시험?(TBD) | I5: 전송 모드는 수동/자동 각각 설정하여 테스트 진행 측정 모드는 모드별로 테스트 진행 | J5: ( O, X )
G6: 1. 측정화면의 우측하단의 프린터 아이콘을 터치. 2. OP 키보드의 LOAD 버튼 클릭 3. OP Basic Operation 화면 좌측상단 LOAD DATA의 LM 버튼 터치 | H6: 측정화면 좌측상단 차트번호와 OP Basic Operation 화면 좌측상단 LOAD DATA의 차트번호 비교결과, 차트번호가 일치 상태확인
G7: 1. OP Basic Operation 화면 좌측상단 LOAD DATA의 차트번호 터치 | H7: 측정화면 L, R 데이터와 OP Basic Operation 화면 상단중간 데이터 비교결과, S(SPH)의 수치가 일치 상태확인(TBD. STEP 디옵터 설정 의존성 확인) | J7: ( O, X )
A8: HLM-004 | B8: 측정데이터 전송 (자동모드) | C8: 1. AP를 연결한다. 2. HDR(Server)을 연결한다. 3. 사용자 설정에서 NETWORK -Trans. Type(전송모드)를 Auto(자동)으로 설정한다. 4. 측정화면에서 측정렌즈를 LENS cap 위에 올려 두고 데이터를 측정한다. 5. 화면에 프린트 버튼을 touch 한다. 6. HDR (Server)가 모두 연결된 경우, 팝업창이 뜨지 않고 데이터가 전송되는지 확인한다. - 1대 이상 연결된 경우, 모두 연결된 상태확인 - 여러대 중 1~2대 연결이 끊어진 상태확인 (전송모드가 자동이어도, HDR network connect 팝업창이 떠야 정상) 7. HDR( Server )에서 데이터를 수신 확인한다. 8. 전송 이후, AP 또는 Server 연결이 끊어지는지 확인한다. | D8: 1. 데이터 전송 성공 2. 데이터 전송 실패시 에러메세지 확인( DR(Server)와 끊어짐 상태 표시 또는 전송실패 표시 ) 3. 실패 이후 재전송 성공 | E8: 테스트대상 구성 : - HLM 1대 테스트환경 구성 : - AP(2.4GHz) 1대 - HDR-9000 1대 | F8: TC-HLM-004 | G8: 1. AP 연결 및 인증 확인(HLM-001) 2. Server 연결 확인(HLM-002, HDR에 연결) 3. SETUP 화면- NETWORK -Trans. Type을 Auto로 설정. 4. 측정렌즈를 HLM의 LENS cap 위에 안착(측정화면 과녁에서 + 가 최대크기가 되는 지점에서). 5. 측정화면의 우측하단의 프린터 아이콘을 터치. | H8: HDR (Server)가 모두 연결된 경우 > HDR network connect 팝업창 없이 데이터 전송 확인 HDR (Server)가 모두 연결되지 않은 경우 > HDR network connect 팝업창 뜨고 데이터 전송 확인? 두가지 경우의 수 모두 시험?(TBD) | I8: 전송 모드는 수동/자동 각각 설정하여 테스트 진행 측정 모드는 모드별로 테스트 진행 | J8: ( O, X )
A9: HLM-005 | B9: Server 재연결 시 복구 | C9: 1. AP를 연결한다. 2. HDR(Server)을 연결한다. 3. 연결을 확인한 후, 임의의 Server의 AP 연결을 끊는다. 4. 임의의 Server AP 재접속을 진행한다. 5. HLM에서 끊어짐 표시를 확인한 후 데이터를 측정한다. 6. 데이터를 전송한다. 7. 전송목록에서 연결이 끊어진 Server의 아이콘 상태를 확인한다. 8. 아이콘을 눌러 재접속을 진행한 후 데이터를 전송한다. 9. Server에서 데이터를 수신 확인한다. | D9: 1. Server 접속상태 표시 2. Server와의 접속상태를 갱신하고, 데이터 전송 성공 3. 데이터 전송 실패시 에러메세지 확인( DR(Server)와 끊어짐 상태 표시 또는 전송실패 표시 ) 4. 실패 이후 재전송 성공 | E9: 테스트대상 구성 : - HLM 1대 테스트환경 구성 : - AP(2.4GHz) 1대 - HDR-9000 1대 | F9: TC-HLM-005 | G9: 1. AP 연결 및 인증 확인(HLM-001) 2. Server 연결 확인(HLM-002, HDR에 연결) 3. SETUP 화면- NETWORK -Trans. Type을 Auto로 설정. 4. 측정렌즈를 HLM의 LENS cap 위에 안착(측정화면 과녁에서 + 가 최대크기가 되는 지점에서). 5. 측정화면으로 이동 | H9: 측정화면의 우측상단 Wi-Fi & HDR 정상연결 상태확인(아래의 범례와 같은 상태) 범례 *Wi-Fi 아이콘(정상 연결상태): 파란색으로 RSSI 신호세기 표기, 우하단심볼 미표기 *HDR 아이콘(정상 연결상태) : 파란색톤 DR 아이콘 표기, 우상단심볼 미표기 | I9: 전송 모드는 수동/자동 각각 설정하여 테스트 진행 측정 모드는 모드별로 테스트 진행 Server는 최소 1개, 최대 4개 늘려가면서 테스트 진행 | J9: ( O, X )
G10: 1. OP QC Settings 화면 진입(OP 홈 화면에서 Shift+MENU 터치) 2. OP QC Settings 화면의 "Commnunication 탭"의 Connection 항목을 OFF로 터치. 3. OP QC Settings 화면의 OK 터치 | H10: 측정화면에서 우측상단에서 *HDR 아이콘(미연결상태) 확인. 범례 *HDR 아이콘(미연결상태) : 파란색톤 아이콘 표기, 우상단심볼 X 표기 | J10: ( O, X )
G11: 1. 측정화면의 우측하단의 프린터 아이콘을 터치. | H11: HDR network connect 모달 시현확인 | J11: ( O, X )
G12: 1. OP QC Settings 화면 진입(OP 홈 화면에서 Shift+MENU 터치) 2. OP QC Settings 화면의 "Commnunication 탭"의 Connection 항목을 ON으로 터치. 3. OP QC Settings 화면의 OK 터치 | H12: OP 홈 화면 시현확인 | J12: ( O, X )
G13: 1. 측정화면의 "HDR 재연결 시도 아이콘" 터치 | H13: 측정화면의 HDR network connect 모달에서 "HDR 재연결 시도 아이콘" 이 "HDR 연결완료 아이콘" 으로 변경 확인 | J13: ( O, X )
G14: 1. 측정화면의 HDR network connect 모달에서 OK 터치 2. 측정화면의 우측하단의 프린터 아이콘을 터치. 3. OP Basic Operation 화면 진입(OP 홈 화면에서 Basic Operation 터치) 4. OP 키보드의 LOAD 버튼 터치 5. OP Basic Operation 화면 좌측상단 LOAD DATA의 LM 버튼 터치 | H14: 측정화면 좌측상단 차트번호와 OP Basic Operation 화면 좌측상단 LOAD DATA의 차트번호 비교결과, 측정화면 차트번호가 1이 더 큰지 확인 | J14: ( O, X )
G15: 1. OP Basic Operation 화면 좌측상단 LOAD DATA의 차트번호 터치 | H15: 측정화면 L, R 데이터와 OP Basic Operation 화면 상단중간 데이터 비교결과, S(SPH)의 수치가 일치 상태확인(TBD. STEP 디옵터 설정 의존성 확인) | J15: ( O, X )
A16: HLM-006 | B16: 장비 재부팅 시 복구 | C16: 1. AP를 연결한다. 2. HDR(Server)을 연결한다. 3. 연결을 확인한 후, 장비의 전원을 off 한다. 4. 장비의 전원을 on 한다. 5. AP / HDR(Server) 재접속 여부를 확인한다. 6. 재접속이 되지않은경우, 수동으로 재접속을 진행한다. 7. 데이터를 측정한다. 8. Server에서 데이터를 수신 확인한다. | D16: 1. 데이터 전송 성공 2. 데이터 전송 실패시 에러메세지 확인( DR(Server)와 끊어짐 상태 표시 또는 전송실패 표시 ) 3. 실패 이후 재전송 성공 | E16: 테스트대상 구성 : - HLM 1대 테스트환경 구성 : - AP(2.4GHz) 1대 - HDR-9000 1대 | F16: TC-HLM-006 | G16: 1. AP 연결 및 인증 확인(HLM-001) | H16: HLM 장비 화면이 꺼짐을 확인 | I16: 전송 모드는 수동/자동 각각 설정하여 테스트 진행 측정 모드는 모드별로 테스트 진행 Server는 최소 1개, 최대 4개 늘려가면서 테스트 진행 | J16: ( O, X )
G17: 1. 측정렌즈를 HLM의 LENS cap 위에서 제거한다 2. HLM 장비 스위치 ON 3. HLM 장비 부팅 및 Wi-Fi & HDR 재연결시도 대기 | H17: 측정화면의 우측상단 Wi-Fi & HDR 정상연결 상태확인(아래의 범례와 같은 상태) 범례 *Wi-Fi 아이콘(정상 연결상태): 파란색으로 RSSI 신호세기 표기, 우하단심볼 미표기 *HDR 아이콘(정상 연결상태) : 파란색톤 DR 아이콘 표기, 우상단심볼 미표기 | J17: ( O, X )
G18: 1. 측정렌즈를 HLM의 LENS cap 위에 안착(측정화면 과녁에서 + 가 최대크기가 되는 지점에서) 2. 측정화면의 우측하단의 프린터 아이콘을 터치 3. OP Basic Operation 화면 진입(OP 홈 화면에서 Basic Operation 터치) 4. OP 키보드의 LOAD 버튼 터치 5. OP Basic Operation 화면 좌측상단 LOAD DATA의 LM 버튼 터치 | H18: 측정화면 좌측상단 차트번호와 OP Basic Operation 화면 좌측상단 LOAD DATA의 차트번호 비교결과, 측정화면 차트번호가 1이 더 큰지 확인 | J18: ( O, X )
G19: 1. OP Basic Operation 화면 좌측상단 LOAD DATA의 차트번호 터치 | H19: 측정화면 L, R 데이터와 OP Basic Operation 화면 상단중간 데이터 비교결과, S(SPH)의 수치가 일치 상태확인(TBD. STEP 디옵터 설정 의존성 확인) | J19: ( O, X )

Sheet HTR 테스트
A1: Test Senario ID | B1: 테스트 항목 | C1: 테스트 절차 | D1: 기대 결과 | E1: Test Config ID | F1: Test Case ID | G1: Test Procedure | H1: Actual Result | I1: 비고 | J1: 결과 판정 | K1: 특이사항
A2: HTR-001 | B2: AP 연결 및 인증 확인 | C2: 1. AP를 스캔 / 선택 한다. 2. AP 의 ID/Password 를 입력하고, 인증한다. 3. 인증 확인 메시지를 확인한다. | D2: 1. 연결 가능한 AP 목록 (SSID/RSSI 순서) 2. AP 연결 성공 3. AP 인증 성공 | E2: 테스트대상 구성 : - HTR 1대 테스트환경 구성 : - AP(2.4GHz) 1대 | F2: TC-HTR-001 | G2: 1. Setup 화면 진입(홈 화면의 우측하단 Gear 아이콘 터치) 2. Setup 화면-Commnunication 탭-2 페이지으로 이동 3. AP SSID 입력 ex> MER**** 4. Scan 버튼 터치 5. 연결 가능한 AP List가 모달로서 시현 | H2: AP List에 SETUP 화면에 RSSI 신호강도가 강한 순에서 작은 순으로 SSID가 배치확인 | I2: 2.4GHz, 5GHz AP 에서 각각 수행 연결 실패시, 에러메세지 확인 최초 연결 후 AP 끊어지는 경우 체크 필요 | J2: ( O, X )
G3: 1. AP Password 입력 2. Verify 버튼 터치 3. AP Password is okay! 모달 시현 대기 4. AP Password is okay! 모달 OK 버튼 터치 | H3: 최초 연결 후 TBD 초 간 AP 끊어짐 없고, 연결관련 에러메세지 없이, 측정화면의 우측상단 Wi-Fi & HDR 정상연결 상태확인(아래의 범례와 같은 상태) 범례 *Wi-Fi 아이콘(정상 연결상태): 파란색으로 RSSI 신호세기 표기, 우하단심볼 미표기 | J3: ( O, X )
A4: HTR-002 | B4: Server 연결 확인 | C4: 1. AP를 연결한다. 2. HDR IP / Port 를 입력한다. 3. 설정화면을 나와서 HDR(Server) 연결을 확인한다. | D4: 1. DR 연결 성공 2. 실패시 에러메세지 확인 | E4: 테스트대상 구성 : - HTR 1대 테스트환경 구성 : - AP(2.4GHz) 1대 - HDR-9000 1대 | F4: TC-HTR-002 | G4: 1. AP 연결 및 인증 확인(HTR-001) 2. Setup 화면 진입(홈 화면의 우측하단 Gear 아이콘 터치) 3. Setup 화면-IP ADDRESS 탭으로 이동 4. HDR Nickname 입력 ex> HDR9000_1(연결할 Nickname) 5. HDR IP 입력 ex> 192.168.***.***(연결할 HDR IP) 6. HDR Port 입력 ex> 2100(연결할 Port) 7. HDR 연결할 항목에 대한 Checkbox를 터치(V 표기 시현되도록) | H4: 홈 화면의 우측상단 Wi-Fi & HDR 정상연결 상태확인(아래의 범례와 같은 상태) 범례 *Wi-Fi 아이콘 : 회색으로 RSSI 신호세기 표기상태, 우하단심볼 미표기 *DR 아이콘 : 회색으로 DR 표기, 우하단심볼 미표기 | I4: 최소 1개, 최대4개 늘려가면서 연결 시도 이후 모든 전송 테스트도 Server 개수 늘려가면서 진행 | J4: ( O, X )
A5: HTR-003 | B5: 측정데이터 전송(수동모드) | C5: 1. AP를 연결한다. 2. HDR(Server)을 연결한다. 3. 전송모드를 수동으로 설정한다. 4. 데이터를 측정한다. 5. 아이콘을 클릭하여 데이터를 전송한다. 6. HDR( Server )에서 데이터를 수신 확인한다. 7. 전송 이후, AP 또는 Server 연결이 끊어지는지 확인한다. | D5: 1. 데이터 전송 성공 2. 데이터 전송 실패시 에러메세지 확인( DR(Server)와 끊어짐 상태 표시 또는 전송실패 표시 ) 3. 실패 이후 재전송 성공 | E5: - HTR 1대 - AP(2.4GHz) 1대 - HDR-9000 1대 | F5: TC-HTR-003 | G5: 1. 모델아이 장착 2. 홈 화면 좌측상단 RK 선택 3. 조이스틱 수동조작하여 모델아이의 눈동자를 화면 위치로 대략적 배치 4. MANUAL 설정(TBD) 5. 홈 화면 우측상단 START 터치 6. 홈 화면 우측하단 PRINT 터치 7. OP 키보드의 LOAD 버튼 터치 8. OP Basic Operation 화면 좌측상단 LOAD DATA의 RK 버튼 터치 | H5: 홈 화면 좌측상단 차트번호와 OP Basic Operation 화면 좌측상단 LOAD DATA의 차트번호 비교결과, 차트번호가 일치 상태확인 | I5: 측정 모드는 모드별로 테스트 진행 | J5: ( O, X )
G6: 1. OP Basic Operation 화면 좌측상단 LOAD DATA의 차트번호 터치 2. 홈 화면 좌측 Data List 버튼 터치 | H6: 홈 화면 Data List의 데이터와 OP Basic Operation 화면 상단중간 데이터 비교결과, S(SPH)의 수치가 일치 상태확인(TBD. STEP 디옵터 설정 의존성 확인) | J6: ( O, X )
A7: HTR-004 | B7: 측정데이터 전송(자동모드) | C7: 1. AP를 연결한다. 2. HDR(Server)을 연결한다. 3. 전송모드를 자동으로 설정한다. 4. 데이터를 측정한다. 5. 데이터를 전송한다. 6. HDR( Server )에서 데이터를 수신 확인한다. 7. 전송 이후, AP 또는 Server 연결이 끊어지는지 확인한다. | D7: 1. 데이터 전송 성공 2. 데이터 전송 실패시 에러메세지 확인( DR(Server)와 끊어짐 상태 표시 또는 전송실패 표시 ) 3. 실패 이후 재전송 성공 | E7: - HTR 1대 - AP(2.4GHz) 1대 - HDR-9000 1대 | F7: TC-HTR-004 | G7: 1. 모델아이 장착 2. 홈 화면 좌측상단 RK 선택 3. 조이스틱 수동조작하여 모델아이의 눈동자를 화면 위치로 대략적 배치 4. AUTO 설정(TBD) 5. 홈 화면 우측상단 START 터치 6. OP 키보드의 LOAD 버튼 터치 7. OP Basic Operation 화면 좌측상단 LOAD DATA의 RK 버튼 터치 | H7: 홈 화면 좌측상단 차트번호와 OP Basic Operation 화면 좌측상단 LOAD DATA의 차트번호 비교결과, 차트번호가 일치 상태확인 | I7: 측정 모드는 모드별로 테스트 진행 | J7: ( O, X )
G8: 1. OP Basic Operation 화면 좌측상단 LOAD DATA의 차트번호 터치 2. 홈 화면 좌측 Data List 버튼 터치 | H8: 홈 화면 Data List의 데이터와 OP Basic Operation 화면 상단중간 데이터 비교결과, S(SPH)의 수치가 일치 상태확인(TBD. STEP 디옵터 설정 의존성 확인) | J8: ( O, X )
A9: HTR-005 | B9: 이미지(IOL) 촬영 후 전송 | C9: 1. 이미지를 촬영한다. ( 최소1장, 최대4장, OD/OS 무관 ) 2. 데이터를 전송한다. 3. HDR( Server )에서 데이터를 수신 확인한다. 4. 전송 이후, AP 또는 Server 연결이 끊어지는지 확인한다. | D9: 1. 데이터 전송 성공 2. 데이터 전송 실패시 에러메세지 확인( DR(Server)와 끊어짐 상태 표시 또는 전송실패 표시 ) 3. 실패 이후 재전송 성공 4. HDR이 Server 목록에 있더라도 전송 성공 하는지 유무 | E9: - HTR 1대 - AP(2.4GHz) 1대 - HDR-9000 1대 | F9: TC-HTR-005 | G9: 1. 홈 화면 좌측하단 부가기능 아이콘(2x2 Matrix 아이콘, 좌상단 1개 파란색, 나머지 3개 회색) 터치 2. Retro-Illum 터치 3. 조이스틱의 Shot 버튼 누름 | H9: Retro-Illum 화면 하단중간 Image Captured 시현확인 전송된 이미지 데이터 OP하위UI 위치확인필요(TBD) | I9: 같은 환자번호에서, 여러 번 보냈을때 이미지가 덮어쓰여지는지 확인 필요. | J9: ( O, X )
A10: HTR-006 | B10: 이미지( COLOR ) 촬영 후 전송 | C10: 1. 이미지를 촬영한다. ( 최소1장, 최대4장, OD/OS 무관 ) 2. 데이터를 전송한다. 3. HDR( Server )에서 데이터를 수신 확인한다. 4. 전송 이후, AP 또는 Server 연결이 끊어지는지 확인한다. | D10: 1. 데이터 전송 성공 2. 데이터 전송 실패시 에러메세지 확인( DR(Server)와 끊어짐 상태 표시 또는 전송실패 표시 ) 3. 실패 이후 재전송 성공 4. HDR이 Server 목록에 있더라도 전송 성공 하는지 유무 | E10: - HTR 1대 - AP(2.4GHz) 1대 - HDR-9000 1대 | F10: TC-HTR-006 | G10: 1. 홈 화면 좌측하단 부가기능 아이콘(2x2 Matrix 아이콘, 좌상단 1개 파란색, 나머지 3개 회색) 터치 2. Color 터치 3. 조이스틱의 Shot 버튼 누름 | H10: Color View 화면 하단중간 Image Captured 시현확인 전송된 이미지 데이터 OP하위UI 위치확인필요(TBD) | I10: 같은 환자번호에서, 여러 번 보냈을때 이미지가 덮어쓰여지는지 확인 필요. | J10: ( O, X )
A11: HTR-007 | B11: 이미지( TFBUT ) 촬영 후 전송 | C11: 1. 이미지를 촬영한다. ( 최소1장, 최대4장, OD/OS 무관 ) 2. 데이터를 전송한다. 3. HDR( Server )에서 데이터를 수신 확인한다. 4. 전송 이후, AP 또는 Server 연결이 끊어지는지 확인한다. | D11: 1. 데이터 전송 성공 2. 데이터 전송 실패시 에러메세지 확인( DR(Server)와 끊어짐 상태 표시 또는 전송실패 표시 ) 3. 실패 이후 재전송 성공 4. HDR이 Server 목록에 있더라도 전송 성공 하는지 유무 | E11: - HTR 1대 - AP(2.4GHz) 1대 - HDR-9000 1대 | F11: TC-HTR-007 | G11: 1. 홈 화면 좌측하단 부가기능 아이콘(2x2 Matrix 아이콘, 좌상단 1개 파란색, 나머지 3개 회색) 터치 2. TFBUT 터치 3. 조이스틱의 Shot 버튼 누름 4. 조이스틱의 Shot 버튼 누름 | H11: HTR TFBUT 화면 중간하단 Timestamp 멈춤 확인 전송된 이미지 데이터 OP하위UI 위치확인필요(TBD) | I11: 같은 환자번호에서, 여러 번 보냈을때 이미지가 덮어쓰여지는지 확인 필요. Server 가 HIIS-1인 경우, duration time 출력 여부 확인 필요. | J11: ( O, X )
A12: HTR-008 | B12: 이미지( MEIBO ) 촬영 후 전송 | C12: 1. 이미지를 촬영한다. ( 최소1장, 최대4장, OD/OS 무관 ) 2. 데이터를 전송한다. 3. HDR( Server )에서 데이터를 수신 확인한다. 4. 전송 이후, AP 또는 Server 연결이 끊어지는지 확인한다. | D12: 1. 데이터 전송 성공 2. 데이터 전송 실패시 에러메세지 확인( DR(Server)와 끊어짐 상태 표시 또는 전송실패 표시 ) 3. 실패 이후 재전송 성공 4. HDR이 Server 목록에 있더라도 전송 성공 하는지 유무 | E12: - HTR 1대 - AP(2.4GHz) 1대 - HDR-9000 1대 | F12: TC-HTR-008 | G12: 1. 홈 화면 좌측하단 부가기능 아이콘(2x2 Matrix 아이콘, 좌상단 1개 파란색, 나머지 3개 회색) 터치 2. Meibo 터치 3. 조이스틱의 Shot 버튼 누름 | H12: HTR Meibo 화면 하단중간 Image Captured 시현확인 전송된 이미지 데이터 OP하위UI 위치확인필요(TBD) | I12: 같은 환자번호에서, 여러 번 보냈을때 이미지가 덮어쓰여지는지 확인 필요. | J12: ( O, X )
A13: HTR-009 | B13: AP 재부팅 시 복구 | C13: 1. HTR 과 AP를 연결한다. 2. AP 의 전원을 off 한다. 3. HTR에서 AP 연결 끊어짐 상태를 확인한다. 4. AP 의 전원을 on 한다. 5. HTR에서 AP 연결 됨 상태를 확인한다. | D13: 1. AP 와의 연결/끊어짐 상태 표시 2. AP 재부팅 후 자동 재연결 성공 3. AP 재연결 후 AP, IP 정보 갱신 | E13: - HTR 1대 - AP(2.4GHz) 1대 - HDR-9000 1대 | F13: TC-HTR-009 | G13: 1. AP 연결 및 인증 확인(HTR-001) | H13: 홈 화면의 우측상단 Wi-Fi 아이콘이 연결 상태확인(범례와 묘사와 같은 상태, TBD 초간 지속) 범례 *Wi-Fi 아이콘: 회색으로 RSSI 신호세기 표기상태, 우하단심볼 미표기 | J13: ( O, X )
G14: 1. AP 전원 DC 배럴 잭 분리(전원 OFF) 2. Wi-Fi 아이콘 갱신 대기(약 TBD초) | H14: 홈 화면의 우측상단 Wi-Fi 아이콘이 미연결 상태확인(범례의 묘사와 다른 상태) 범례 *Wi-Fi 아이콘: 회색으로 RSSI 신호세기 표기상태, 우하단심볼 미표기 | I14: AP 와 연결된 이후에는 주기적으로 연결 상태확인하고 필요하면 재시도 동작 | J14: ( O, X )
G15: 1. AP 전원 DC 배럴 잭 연결(전원 ON) 2. Wi-Fi 아이콘 갱신 대기(약 TBD초) | H15: 홈 화면의 우측상단 Wi-Fi 아이콘이 연결 상태확인(범례와 묘사와 같은 상태, TBD 초간 지속) 범례 *Wi-Fi 아이콘: 회색으로 RSSI 신호세기 표기상태, 우하단심볼 미표기 | J15: ( O, X )
A16: HTR-010 | B16: Server 재연결 시 복구 | C16: 1. AP를 연결한다. 2. HDR(Server)을 연결한다. 3. 연결을 확인한 후, 임의의 Server의 AP 연결을 끊는다. 4. 임의의 Server AP 재접속을 진행한다. 5. HTR에서 끊어짐 표시를 확인한 후 데이터를 측정한다. 6. 데이터를 전송한다. 7. 전송목록에서 연결이 끊어진 Server의 아이콘 상태를 확인한다. 8. 아이콘을 눌러 재접속을 진행한 후 데이터를 전송한다. 9. Server에서 데이터를 수신 확인한다. | D16: 1. Server 접속상태 표시 2. Server와의 접속상태를 갱신하고, 데이터 전송 성공 3. 데이터 전송 실패시 에러메세지 확인( DR(Server)와 끊어짐 상태 표시 또는 전송실패 표시 ) 4. 실패 이후 재전송 성공 | E16: - HTR 1대 - AP(2.4GHz) 1대 - HDR-9000 1대 | F16: TC-HTR-010 | G16: 1. OP QC Settings 화면 진입(OP 홈 화면에서 Shift+MENU 터치) 2. OP QC Settings 화면의 "Commnunication 탭"의 Connection 항목을 OFF로 터치. 3. OP QC Settings 화면의 OK 터치 | H16: 홈 화면의 우측상단 HDR 아이콘 상태가 우하단심볼 노란색 삼각형과 느낌표 표기확인 | I16: 전송 모드는 수동/자동 각각 설정하여 테스트 진행 측정 모드는 모드별로 테스트 진행 Server는 최소 1개, 최대 4개 늘려가면서 테스트 진행 | J16: ( O, X )
G17: 1. OP QC Settings 화면 진입(OP 홈 화면에서 Shift+MENU 터치) 2. OP QC Settings 화면의 "Commnunication 탭"의 Connection 항목을 ON으로 터치. 3. OP QC Settings 화면의 OK 터치 4. 홈 화면 상단중앙 START 터치 (TBD 전송 중 재연결됨) | H17: Check connection with Server(파란색 통신성공 표기) 비모달 시현확인 후 연달아 Data transfer completed(파란색 통신성공 표기) 비모달 시현확인 | J17: ( O, X )
G18: 1. OP Basic Operation 화면 진입(OP 홈 화면에서 Basic Operation 터치) 2. OP 키보드의 LOAD 버튼 터치 3. OP Basic Operation 화면 좌측상단 LOAD DATA의 RK 버튼 터치 | H18: 홈 화면 좌측상단 차트번호와 OP Basic Operation 화면 좌측상단 LOAD DATA의 차트번호 비교결과, 차트번호가 일치 상태확인 | J18: ( O, X )
G19: 1. OP Basic Operation 화면 좌측상단 LOAD DATA의 차트번호 터치 2. 홈 화면 좌측 Data List 버튼 터치 | H19: 홈 화면 Data List의 데이터와 OP Basic Operation 화면 상단중간 데이터 비교결과, S(SPH)의 수치가 일치 상태확인(TBD. STEP 디옵터 설정 의존성 확인) | J19: ( O, X )
A20: HTR-011 | B20: 장비 재부팅 시 복구 | C20: 1. AP를 연결한다. 2. HDR(Server)을 연결한다. 3. 연결을 확인한 후, 장비의 전원을 off 한다. 4. 장비의 전원을 on 한다. 5. AP / HDR(Server) 재접속 여부를 확인한다. 6. 재접속이 되지않은경우, 수동으로 재접속을 진행한다. 7. 데이터를 측정한다. 8. Server에서 데이터를 수신 확인한다. | D20: 1. 데이터 전송 성공 2. 데이터 전송 실패시 에러메세지 확인( DR(Server)와 끊어짐 상태 표시 또는 전송실패 표시 ) 3. 실패 이후 재전송 성공 | E20: - HTR 1대 - AP(2.4GHz) 1대 - HDR-9000 1대 | F20: TC-HTR-011 | G20: 1. OP QC Settings 화면 진입(OP 홈 화면에서 Shift+MENU 터치) 2. OP QC Settings 화면의 "Commnunication 탭"의 Connection 항목을 ON으로 터치. 3. OP QC Settings 화면의 OK 터치 | H20: 홈 화면의 우측상단 Wi-Fi 아이콘이 연결 상태확인(범례와 묘사와 같은 상태, TBD 초간 지속) 범례 *Wi-Fi 아이콘: 회색으로 RSSI 신호세기 표기상태, 우하단심볼 미표기 | I20: 전송 모드는 수동/자동 각각 설정하여 테스트 진행 측정 모드는 모드별로 테스트 진행 Server는 최소 1개, 최대 4개 늘려가면서 테스트 진행 | J20: ( O, X )
G21: 1. HTR 장비 스위치 OFF 2. TBD 초 이상 대기 3. HTR 장비 스위치 ON | H21: 홈 화면의 우측상단 Wi-Fi & HDR 정상연결 상태확인(아래의 범례와 같은 상태) 범례 *Wi-Fi 아이콘 : 회색으로 RSSI 신호세기 표기상태, 우하단심볼 미표기 *DR 아이콘 : 회색으로 DR 표기, 우하단심볼 미표기 | J21: ( O, X )
G22: 1. 모델아이 장착 2. 홈 화면 좌측상단 RK 선택 3. 조이스틱 수동조작하여 모델아이의 눈동자를 화면 위치로 대략적 배치 4. AUTO 설정(TBD) 5. 홈 화면 우측상단 START 터치 6. OP 키보드의 LOAD 버튼 터치 7. OP Basic Operation 화면 좌측상단 LOAD DATA의 RK 버튼 터치 | H22: 홈 화면 좌측상단 차트번호와 OP Basic Operation 화면 좌측상단 LOAD DATA의 차트번호 비교결과, 차트번호가 일치 상태확인 | J22: ( O, X )
G23: 1. OP Basic Operation 화면 좌측상단 LOAD DATA의 차트번호 터치 2. 홈 화면 좌측 Data List 버튼 터치 | H23: 홈 화면 Data List의 데이터와 OP Basic Operation 화면 상단중간 데이터 비교결과, S(SPH)의 수치가 일치 상태확인(TBD. STEP 디옵터 설정 의존성 확인) | J23: ( O, X )

Sheet HDR 테스트
A1: Test Senario ID | B1: 테스트 항목 | C1: 테스트 절차 | D1: 기대 결과 | E1: Test Config ID | F1: Test Case ID | G1: Test Procedure | H1: Actual Result | I1: 비고 | J1: 결과 판정 | K1: 특이사항
A2: HDR-001 | B2: AP 연결 및 인증 확인 | C2: 1. AP를 준비한다. 2. HDR에서 AP를 스캔하고, AP 목록을 확인한다. 3. AP 목록에서 AP를 선택하고, Password 를 입력한다. 4. DHCP 를 선택하고 Verify 버튼을 눌러 AP 연결 및 IP주소를 할당받는다. 5. IP 주소, Subnet, Gateway 정보를 확인한다. 6. Static 방식을 선택하고, 다시 Verify 버튼을 눌러 AP 연결을 진행한다. | D2: 1. 연결 가능한 AP 목록 (SSID/RSSI 순서) 2. AP 연결 성공 3. AP 인증 성공 4. IP 주소, Subnet, Gateway 정보 확인 5. DHCP, Static 방식에서 AP 연결 여부 확인 | E2: - HDR-9000 1대 테스트환경 구성 : - AP(2.4GHz) 1대 | F2: TC-HDR-001 | G2: 1. OP QC Settings 화면 진입(OP 홈 화면에서 Shift+MENU 터치) 2. OP QC Settings 화면의 "Commnunication 탭"의 Connection 항목을 ON으로 터치. 3. 돋보기 아이콘(Scan) 터치 | H2: AP List에 SETUP 화면에 RSSI 신호강도가 강한 순에서 작은 순으로 SSID가 배치확인 | I2: 2.4GHz, 5GHz AP 에서 각각 수행 | J2: ( O, X ) | K2: OP QC Settings 화면 진입 위해, OP 홈 화면에서 Shift+MENU 터치 시 간헐적 미인식
G3: 1. AP List에서 연결할 AP SSID 터치(2.4GHz 지원 AP SSID 선택) ex> MER**** 2. AP Password 입력창 터치 및 비밀번호 입력 3. Verify 버튼 터치 4. AP List에서 OK 터치 | H3: 홈 화면의 우측상단 Wi-Fi 아이콘이 연결 상태확인(범례와 묘사와 같은 상태, TBD 초간 지속) 범례 *Wi-Fi 아이콘: 회색으로 RSSI 신호세기 표기상태, 우하단심볼 미표기 | J3: ( O, X )
A4: HDR-002 | B4: AP 재부팅 시 복구 | C4: 1. HDR 과 AP를 연결한다. 2. AP 의 전원을 off 한다. 3. HDR에서 AP 연결 끊어짐 상태를 확인한다. 4. AP 의 전원을 on 한다. 5. HDR에서 AP 연결 됨 상태를 확인한다. | D4: 1. AP 와의 연결/끊어짐 상태 표시 2. AP 재부팅 후 자동 재연결 성공 3. AP 재연결 후 AP, IP 정보 갱신 | E4: - HDR-9000 1대 - AP(2.4GHz) 1대 | F4: TC-HDR-002 | G4: 1. AP 연결 및 인증 확인(HDR-001) | H4: 홈 화면의 우측상단 Wi-Fi 아이콘이 연결 상태확인(범례와 묘사와 같은 상태, TBD 초간 지속) 범례 *Wi-Fi 아이콘: 파란색으로 RSSI 신호세기 표기, 우하단심볼 미표기 | I4: AP 와 연결된 이후에는 주기적으로 연결 상태확인하고 필요하면 재시도 동작 | J4: ( O, X )
G5: 1. AP 전원 DC 배럴 잭 분리(전원 OFF) | H5: 홈 화면의 우측상단 Wi-Fi 아이콘이 미연결 상태확인(범례의 묘사와 다른 상태) 범례 *Wi-Fi 아이콘: 회색으로 RSSI 신호세기 표기상태, 우하단심볼 미표기 | J5: ( O, X )
G6: 1. AP 전원 DC 배럴 잭 연결(전원 ON) | H6: 홈 화면의 우측상단 Wi-Fi 아이콘이 연결 상태확인(범례와 묘사와 같은 상태, TBD 초간 지속) 범례 *Wi-Fi 아이콘: 파란색으로 RSSI 신호세기 표기, 우하단심볼 미표기 | J6: ( O, X )
A7: HDR-003 | B7: 장비 연결 및 데이터 수신(HRK) | C7: 1. HDR 과 AP를 연결한다. 2. HRK 장비에서 HDR IP/PORT 정보를 입력하여, 연결을 진행한다. 3. HDR에서 RK 연결됨 상태를 확인한다. 4. HRK에서 데이터를 전송한다. 5. HDR에서 RK 데이터 수신 확인한다. | D7: 1. AP 연결 상태 표시 2. RK 연결 상태 표시 3. RK 데이터 확인 | E7: - HDR-9000 1대 - AP(2.4GHz) 1대 - HRK 1대 | F7: TC-HDR-003 | G7: 1. HRK-004(TEST ID)을 수행한다. | H7: HRK-004(TEST ID)의 Actual Result와 동등한 결과를 확인한다. | I7: 장비가 여러개인경우 동시 데이터 전송 테스트 필요 | J7: ( O, X )
A8: HDR-004 | B8: 장비 연결 및 데이터 수신(HLM) | C8: 1. HDR 과 AP를 연결한다. 2. HLM 장비에서 HDR IP/PORT 정보를 입력하여, 연결을 진행한다. 3. HDR에서 LM 연결됨 상태를 확인한다. 4. HLM에서 데이터를 전송한다. 5. HDR에서 LM 데이터 수신 확인한다. | D8: 1. AP 연결 상태 표시 2. LM 연결 상태 표시 3. LM 데이터 확인 | E8: - HDR-9000 1대 - AP(2.4GHz) 1대 - HLM 1대 | F8: TC-HDR-004 | G8: 1. HLM-004(TEST ID)을 수행한다. | H8: HLM-004(TEST ID)의 Actual Result와 동등한 결과를 확인한다. | I8: 장비가 여러개인경우 동시 데이터 전송 테스트 필요 | J8: ( O, X )
A9: HDR-005 | B9: 장비 연결 및 데이터 수신(HTR) | C9: 1. HDR 과 AP를 연결한다. 2. HTR 장비에서 HDR IP/PORT 정보를 입력하여, 연결을 진행한다. 3. HDR에서 RK 연결됨 상태를 확인한다. 4. HLM에서 데이터를 전송한다. 5. HDR에서 RK 데이터 수신 확인한다. | D9: 1. AP 연결 상태 표시 2. RK 연결 상태 표시 3. RK 데이터 확인 | E9: - HDR-9000 1대 - AP(2.4GHz) 1대 - HTR 1대 | F9: TC-HDR-005 | G9: 1. HTR-004(TEST ID)을 수행한다 | H9: HTR-004(TEST ID)의 Actual Result와 동등한 결과를 확인한다. | I9: HTR의 경우, NT 데이터도 함께 전송하는 케이스도 테스트 필요. 장비가 여러개인경우 동시 데이터 전송 테스트 필요 | J9: ( O, X )
A10: HDR-006 | B10: 장비 재연결 시 복구 | C10: 1. AP를 연결한다. 2. HRK/HLM/HTR 장비에서 HDR IP/PORT 정보를 입력하여, 연결을 진행한다. 3. HDR에서 RK/LM 연결됨 상태를 확인한다. 3. HRK/HLM/HTR 의 전원을 off 한다. 4. HRK/HLM/HTR 의 전원을 on 하고, AP, HDR 을 연결한다. 5. HRK/HLM/HTR에서 데이터를 전송한다. 6. HDR에서 RK/LM 데이터 수신 확인한다. | D10: 1. AP 연결상태 표시 2. RK / LM 연결 상태 표시 3. RK / LM 데이터 확인 | E10: - HDR-9000 1대 - AP(2.4GHz) 1대 - HRK 1대 - HLM 1대 - HTR 1대 | F10: TC-HDR-006 | G10: 1. AP 연결 및 인증 확인(HDR-001) 2. HTR-003(TEST ID)을 수행한다 3. HTR-004(TEST ID)을 수행한다 4. HTR-005(TEST ID)을 수행한다 3. HRK/HLM/HTR의 전원을 각각 OFF 한다. 4. OP Basic Operation 화면 진입(OP 홈 화면에서 Basic Operation 터치) | H10: OP Basic Operation 화면 우측상단 연결된 장비들의 아이콘의 미연결 상태확인(아래의 범례와 같은 상태) 범례 *Wi-Fi 아이콘(정상 연결상태): 파란색으로 RSSI 신호세기 표기, 우하단심볼 미표기 *HRK 아이콘(미연결상태) : 회색톤 RK 아이콘 표기, 좌하단심볼 X 표기 *HLM 아이콘(미연결상태) : 회색톤 LM 아이콘 표기, 좌하단심볼 X 표기 *HTR 아이콘(미연결상태) : 회색톤 TR(TBD) 아이콘 표기, 좌하단심볼 X 표기 TBD: 동시 여러 개에 대한 테스트는 하였음. 베타적으로 장비 전원 OFF 시 하나씩 테스트도 필요한가? | I10: 장비 전원 OFF 시 하나씩 또는 동시 여러 개에 대한 테스트도 필요 | J10: ( O, X )
F11: TC- | G11: 1. HRK/HLM/HTR 의 전원을 ON 한다. | H11: OP Basic Operation 화면 우측상단 연결된 장비들의 아이콘의 정상연결 상태확인(아래의 범례와 같은 상태) 범례 *Wi-Fi 아이콘(정상 연결상태): 파란색으로 RSSI 신호세기 표기, 우하단심볼 미표기 *HRK 아이콘(정상 연결상태) : 파란색톤 RK 아이콘 표기, 우상단심볼 미표기 *HLM 아이콘(정상 연결상태) : 파란색톤 LM 아이콘 표기, 우상단심볼 미표기 *HTR 아이콘(정상 연결상태) : 파란색톤 TR(TBD) 아이콘 표기, 우상단심볼 미표기 | I11: 전원 OFF (TBD 의미확인필요, 오입력 일 수 있음.) | J11: ( O, X )
F12: TC- | G12: 1. HRK의 "REF/KER 측정 MODE 화면"의 중간상단의 MEASURE 아이콘을 터치 2. HRK의 "REF/KER 측정 MODE 화면"의 우측하단의 프린터 아이콘을 터치. 3. OP 키보드의 LOAD 버튼 클릭 4. OP Basic Operation 화면 좌측상단 LOAD DATA의 RK 버튼 터치 | H12: HRK의 "REF/KER 측정 MODE 화면" 좌측상단 차트번호와 OP Basic Operation 화면 좌측상단 LOAD DATA의 차트번호 비교결과, 측정화면 차트번호가 1이 더 큰지 확인 | J12: ( O, X )
F13: TC- | G13: 1. OP Basic Operation 화면 좌측상단 LOAD DATA의 차트번호 터치 | H13: HRK의 "REF/KER 측정 MODE 화면"의 중간단의 좌우 R, L 데이터 목록과 OP Basic Operation 화면 상단중간 데이터 비교결과, S(SPH), C(CYLINDER), A(TBD)의 수치가 일치 상태확인(TBD. STEP 디옵터 설정 의존성 확인) | J13: ( O, X )
F14: TC- | G14: 1. 측정렌즈를 HLM의 LENS cap 위에 안착(측정화면 과녁에서 + 가 최대크기가 되는 지점에서) 2. HLM의 측정화면의 HDR network connect 팝업창에서 HDR (server) 아이콘 터치 3. HLM의 측정화면의 우측하단의 프린터 아이콘을 터치. 4. OP 키보드의 LOAD 버튼 클릭 5. OP Basic Operation 화면 좌측상단 LOAD DATA의 LM 버튼 터치 | H14: HLM의 측정화면 좌측상단 차트번호와 OP Basic Operation 화면 좌측상단 LOAD DATA의 차트번호 비교결과, 차트번호가 일치 상태확인 | J14: ( O, X )
F15: TC- | G15: 1. OP Basic Operation 화면 좌측상단 LOAD DATA의 차트번호 터치 | H15: HLM의 측정화면 좌우배치된 L, R 데이터와 OP Basic Operation 화면 상단중간 데이터 비교결과, S(SPH)의 수치가 일치 상태확인(TBD. STEP 디옵터 설정 의존성 확인) | J15: ( O, X )
F16: TC- | G16: 1. HTR에 모델아이 장착 2. HTR의 홈 화면 좌측상단 RK 선택 3. HTR의 조이스틱 수동조작하여 모델아이의 눈동자를 화면 위치로 대략적 배치 4. HTR의 MANUAL 설정(TBD) 5. HTR의 홈 화면 우측상단 START 터치 6. HTR의 홈 화면 우측하단 PRINT 터치 7. OP 키보드의 LOAD 버튼 터치 8. OP Basic Operation 화면 좌측상단 LOAD DATA의 RK 버튼 터치 | H16: HLM의 측정화면 좌우배치된 L, R 데이터 | J16: ( O, X )
F17: TC- | G17: 1. OP Basic Operation 화면 좌측상단 LOAD DATA의 차트번호 터치 2. 홈 화면 좌측 Data List 버튼 터치 | H17: HTR의 홈 화면 Data List의 데이터와 OP Basic Operation 화면 상단중간 데이터 비교결과, S(SPH)의 수치가 일치 상태확인(TBD. STEP 디옵터 설정 의존성 확인) | J17: ( O, X )
A18: HDR-007 | B18: HIIS-1 연결 및 데이터 전송 | C18: 1. AP를 연결한다. 2. WebViewer IP/port 를 입력한다. 3. HDR에서 SUBJ / FIN 데이터를 전송한다. 4. HIIS-1에서 SUBJ / FIN 데이터 수신 확인한다. | D18: 1. AP 연결상태 표시 2. HIIS-1 데이터 전송 확인 | E18: - HDR-9000 1대 - AP(2.4GHz) 1대 - HIIS-1 1대 | F18: TC-HDR-007 | G18: TBD | H18: TBD | I18: HIIS-1은 동글이 활성화되어있어야하며, Refraction exam을 생성하여 확인하여야 한다. | J18: ( O, X )
A19: HDR-008 | B19: 차트 연결 및 데이터 전송 | C19: 1. HDR 과 AP를 연결한다. 2. HDC 와 AP를 연결한다. 3. HDR에서 HDC IP 주소를 설정하고, 연결한다. 4. HDR에서 DC 연결됨 상태를 확인한다. 5. HDR에서 데이터를 전송한다. 6. HDC에서 HDR 데이터 수신 확인한다. | D19: 1. AP 연결상태 표시 2. DC 연결상태 표시 | E19: - HDR-9000 1대 - AP(2.4GHz) 1대 - HDC 1대 | F19: TC-HDR-008 | G19: 1. HDC-005(TEST ID)를 수행한다. | H19: HDC-005(TEST ID)의 Actual Result와 동등한 결과를 확인한다. | I19: DC와 연결이후, DC 연결상태 아이콘 체크필요. DR에서 차트 이미지 클릭시 DC 재연결 동작 확인필요. | J19: ( O, X )
A20: HDR-009 | B20: 차트 재연결 시 복구 | C20: 1. HDR, HDC, AP를 연결한다. 2. HDR에서 DC 연결됨 상태를 확인한다. 3. HDC 의 전원을 off 한다. 4. HDC 의 전원을 on 하고, AP 을 연결한다. 5. HDR에서 데이터를 전송한다. 6. HDC에서 HDR 데이터 수신 확인한다. 7. HDR에서 AP 연결을 끊고, 다시 연결한다. 8. HDR에서 데이터를 전송한다. 9. HDC에서 HDR 데이터 수신 확인한다. | D20: 1. AP 연결 상태 표시 2. DC 연결 상태 표시 | E20: - HDR-9000 1대 - AP(2.4GHz) 1대 - HDC 1대 | F20: TC-HDR-009 | G20: 1. HDC-005(TEST ID)를 수행한다. | H20: HDC-005(TEST ID)의 Actual Result와 동등한 결과를 확인한다. | J20: ( O, X )
F21: TC- | G21: 1. HDC 모니터 하당중앙부 전원 버튼을 꺼질때까지 HOLD한다 | H21: HDC 모니터의 화면이 검은색으로 전원 OFF 확인 | J21: ( O, X )
F22: TC- | G22: 1. HDC 모니터 하당중앙부 전원 버튼을 켜질때까지 HOLD한다 | H22: HDC 모니터의 화면에 전원 ON 확인 | J22: ( O, X )
F23: TC- | G23: 1. HDC-005(TEST ID)를 수행한다. | H23: HDC-005(TEST ID)의 Actual Result와 동등한 결과를 확인한다. | J23: ( O, X )
F24: =_xlfn.CONCAT("TC-",A24) -> TC- | G24: 1. OP QC Settings 화면 진입(OP 홈 화면에서 Shift+MENU 터치) 2. OP QC Settings 화면의 "Commnunication 탭"의 Connection 항목을 OFF로 터치. 3. OP QC Settings 화면의 OK 터치 | H24: 홈 화면의 우측상단 Wi-Fi 아이콘이 미연결 상태확인(범례의 묘사와 다른 상태) 범례 *Wi-Fi 아이콘: 회색으로 RSSI 신호세기 표기상태, 우하단심볼 빨간색 X 표기 | J24: ( O, X )
F25: =_xlfn.CONCAT("TC-",A25) -> TC- | G25: 1. OP QC Settings 화면 진입(OP 홈 화면에서 Shift+MENU 터치) 2. OP QC Settings 화면의 "Commnunication 탭"의 Connection 항목을 ON으로 터치. 3. OP QC Settings 화면의 OK 터치 | H25: 홈 화면의 우측상단 Wi-Fi 아이콘이 연결 상태확인(범례와 묘사와 같은 상태, TBD 초간 지속) 범례 *Wi-Fi 아이콘: 파란색으로 RSSI 신호세기 표기상태, 우하단심볼 미표기 | J25: ( O, X )
F26: =_xlfn.CONCAT("TC-",A26) -> TC- | G26: 1. HDC-005(TEST ID)를 수행한다. | H26: HDC-005(TEST ID)의 Actual Result와 동등한 결과를 확인한다. | J26: ( O, X )

Sheet HDC 테스트
A1: Test Senario ID | B1: 테스트 항목 | C1: 테스트 절차 | D1: 기대 결과 | E1: Test Config ID | F1: Test Case ID | G1: Test Procedure | H1: Actual Result | I1: 비고 | J1: 결과 판정 | K1: 특이사항
A2: HDC-001 | B2: AP 연결 및 인증 확인 | C2: 1. 설정 화면에서 Wi-Fi SCAN 버튼 선택 2. AP 목록 표시 확인 (SSID / 신호강도 순 정렬) 3. 연결할 AP 선택 4. Password 입력 → 연결 실행 5. 연결 성공 메시지 및 Wi-Fi 아이콘 확인 | D2: AP 연결 성공, 상단 Wi-Fi 상태 아이콘 갱신 | E2: - HDC 1대 - AP(2.4GHz) 1대 | F2: TC-HDC-001 | G2: 1. SETTING 화면 진입(HDC Remote Controller의 MENU 버튼과, 삼각형방향표지 버튼 활용) 2. SETTING 화면의 Wi-Fi 탭으로 이동(HDC Remote Controller의 삼각형방향표지 버튼 활용) 2. SCAN 버튼 선택(좌측 삼각형방향표지 하단 [RANDOM] 버튼 활용) | H2: AP List에 SETUP 화면에 RSSI 신호강도가 강한 순에서 작은 순으로 SSID가 배치확인 | J2: ( O, X )
E3: - HDC 1대 - AP(2.4GHz) 1대 | G3: 1. 연결할 AP 선택(HDC Remote Controller 삼각형방향표지 및 좌측 삼각형방향표지 하단 [RANDOM] 버튼 활용) | H3: AP SSID 입력박스에 선택된 SSID 시현확인 | J3: ( O, X )
E4: - HDC 1대 - AP(2.4GHz) 1대 | G4: 1. Input 버튼 선택(AP P/W 입력) 2. Verify 버튼 선택 | H4: SETTING 화면 우측상단 Wi-Fi 아이콘 정상연결 상태확인(아래의 범례와 같은 상태) 범례 *Wi-Fi 아이콘 : 파란색으로 RSSI 신호세기 표기, 우하단심볼 미표기 | J4: ( O, X )
A5: HDC-002 | B5: AP 재부팅 시 복구 | C5: 1. HDC 과 AP를 연결한다. (HDC-001) 2. AP 의 전원을 off 한다. 3. HDC에서 AP 연결 끊어짐 상태를 확인한다. 4. AP 의 전원을 on 한다. 5. HDC에서 AP 연결 됨 상태를 확인한다. | D5: AP 연결 성공, 상단 Wi-Fi 상태 아이콘 갱신 | E5: - HDC 1대 - AP(2.4GHz) 1대 | F5: TC-HDC-002 | G5: 1. AP 연결 및 인증 확인(HDC-001) | H5: SETTING 화면 우측상단 Wi-Fi 아이콘 정상연결 상태확인(아래의 범례와 같은 상태) 범례 *Wi-Fi 아이콘 : 파란색으로 RSSI 신호세기 표기, 우하단심볼 미표기 | J5: ( O, X )
E6: - HDC 1대 - AP(2.4GHz) 1대 | G6: 1. AP 전원 DC 배럴 잭 분리(전원 OFF) 2. Wi-Fi 아이콘 갱신 대기(약 TBD초) | H6: SETTING 화면 우측상단 Wi-Fi 아이콘 미연결 상태확인(아래의 범례와 같은 상태) 범례 *Wi-Fi 아이콘 : 파란색으로 RSSI 신호세기 표기, 우하단심볼 빨간색 X 표기 | J6: ( O, X )
E7: - HDC 1대 - AP(2.4GHz) 1대 | G7: 1. AP 전원 DC 배럴 잭 연결(전원 ON) 2. Wi-Fi 아이콘 갱신 대기(약 TBD초) | H7: SETTING 화면 우측상단 Wi-Fi 아이콘 정상연결 상태확인(아래의 범례와 같은 상태) 범례 *Wi-Fi 아이콘 : 파란색으로 RSSI 신호세기 표기, 우하단심볼 미표기 | J7: ( O, X )
A8: HDC-003 | B8: DHCP 선택 | C8: 1. AP 연결 후 (HDC-001) TCP/IP에서 DHCP 선택 → Verify 2. IP Address,Netmask,Gateway,DNS 1 or 2 를 자동으로 받아오는지 확인한다. | D8: IP Address, Netmask, Gateway, DNS를 자동으로 받아오고 수정이 불가능하다. | E8: - HDC 1대 - AP(2.4GHz) 1대 | F8: TC-HDC-003 | G8: 1. AP 연결 및 인증 확인(HDC-001) | H8: SETTING 화면 우측상단 Wi-Fi 아이콘 정상연결 상태확인(아래의 범례와 같은 상태) 범례 *Wi-Fi 아이콘 : 파란색으로 RSSI 신호세기 표기, 우하단심볼 미표기 | J8: ( O, X )
E9: - HDC 1대 - AP(2.4GHz) 1대 | G9: 1. SETTING 화면의 TCP/IP 탭에서 DHCP 선택 2. Verify 선택 | H9: SETTING 화면의 TCP/IP 탭에서 IP Address, Netmask, Gateway, DNS 1 또는 IP Address, Netmask, Gateway, DNS 2 자동부여 확인 | J9: ( O, X )
A10: HDC-004 | B10: Static 선택 | C10: 1. AP 연결 후 (HDC-001) TCP/IP에서 Static 선택 2. IP Address를 변경해본다. (보통 가장 마지막 숫자만 변경함) 3. Verify 4. Web Service 탭에서 Address 변경 확인 | D10: IP Address, Netmask, Gateway, DNS를 수정 할 수 있다. | E10: - HDC 1대 - AP(2.4GHz) 1대 | F10: TC-HDC-004 | G10: 1. AP 연결 및 인증 확인(HDC-001) | H10: SETTING 화면 우측상단 Wi-Fi 아이콘 정상연결 상태확인(아래의 범례와 같은 상태) 범례 *Wi-Fi 아이콘 : 파란색으로 RSSI 신호세기 표기, 우하단심볼 미표기 | I10: IP 충돌 시 간헐적 끊길 수 있음 주의 | J10: ( O, X )
E11: - HDC 1대 - AP(2.4GHz) 1대 | G11: 1. SETTING 화면 진입(HDC Remote Controller의 MENU 버튼과, 삼각형방향표지 버튼 활용) 2. SETTING 화면의 TCP/IP 탭에서 Static 선택 3. IP Address Row 의 Input 을 선택. 4. IP Address의 가장 마지막 숫자 임의변경 5. Verify 6. Done! 모달의 OK 닫기 7. SETTING 화면의 Web Service 탭으로 이동(HDC Remote Controller의 삼각형방향표지 버튼 활용) | H11: Web Service 탭에서 "- Address" 의 Value 가 임의변경된 IP와 같은지 확인 | J11: ( O, X )
A12: HDC-005 | B12: DR Connect ON 확인(DHCP) | C12: 1. AP 연결 후(HDC-001), HDC-003에서 DHCP로 설정하고, Web service 탭에서 DR connect ON 클릭 2. HDR과 Wi-Fi 연결 후 HDR에서 차트 동작을 진행해본다. | D12: HDR과 정상적으로 정상적으로 연결될 경우, 차트 변경이 진행됨. | E12: - HDC 1대 - AP(2.4GHz) 1대 - HDR-9000 1대 | F12: TC-HDC-005 | G12: 1. AP 연결 및 인증 확인(HDC-001) | H12: SETTING 화면 우측상단 Wi-Fi 아이콘 정상연결 상태확인(아래의 범례와 같은 상태) 범례 *Wi-Fi 아이콘 : 파란색으로 RSSI 신호세기 표기, 우하단심볼 미표기 | J12: ( O, X )
G13: 1. SETTING 화면의 TCP/IP 탭에서 Type 을 DHCP로 선택 | H13: SETTING 화면의 TCP/IP 탭에서 IP Address, Netmask, Gateway, DNS 1 또는 IP Address, Netmask, Gateway, DNS 2 에 대한 각 Value는 회색문자로 표기 | J13: ( O, X )
G14: 1. SETTING 화면의 Web service 탭에서 DR connect 항목을 ON으로 선택 | H14: SETTING 화면의 Web service 탭에서 "- Address" 항목에 IP Address 값 시현확인 | J14: ( O, X )
G15: 1. OP QC Settings 화면 진입(OP 홈 화면에서 Shift+MENU 터치) 2. OP QC Settings 화면의 "Commnunication 탭"의 Page 3으로 이동 3. Send Wifi Chart YES로 설정 4. Chart IP Address 입력(SETTING 화면의 Web service 탭에서 - Address를 입력) 5. Chart Port 입력(SETTING 화면의 Web service 탭에서 - Port를 입력) 6. OP QC Settings 화면의 OK 터치 | H15: OP 홈 화면 시현확인 | J15: ( O, X )
G16: 1. OP Basic Operation 화면 진입(OP 홈 화면에서 Basic Operation 터치) 2. OP Basic Operation 화면의 CHART 탭 선택 3. OP Basic Operation 화면의 CHART 탭의 하위의 첫번째 차트아이콘을 터치 | H16: OP Basic Operation 화면의 우상단 DC 아이콘 정상연결 상태확인(아래의 범례와 같은 상태) 범례 *DC : 파란색으로 표기, 우하단심볼 미표기 | J16: ( O, X ) | K16: CHART 탭을 눌러야, OP Basic Operation 화면의 우상단 DC 아이콘가 갱신이 되는 경우가 있음.
G17: 1. 차트시현 화면(TBD) 진입(HDC Remote Controller의 우측 삼각형방향표지 하단 [RANDOM] 버튼 활용) 2. OP Basic Operation 화면의 CHART 탭의 하위의 두번째 차트아이콘부터 순서대로 터치 | H17: OP Basic Operation 화면에서 선택한 차트아이콘과 차트시현 화면(TBD)의 디지털 차트와 비교결과, 차트의 이미지가 일치 상태확인 | J17: ( O, X ) | K17: 차트의 변경을 위해, OP의 차트아이콘 전환 시, 느린 경우가 빈번히 발생함.(TBD)
A18: HDC-006 | B18: DR Connect OFF 확인 | C18: 1. AP 연결 후 (HDC-001), Web service 탭에서 DR connect OFF 클릭 2. HDR과 Wi-Fi 연결 후 HDR에서 차트 동작을 진행해본다. | D18: HDR에서 연결이 되지 않으며 차트 변경이 되지 않음. | E18: - HDC 1대 - AP(2.4GHz) 1대 - HDR-9000 1대 | F18: TC-HDC-006 | G18: 1. AP 연결 및 인증 확인(HDC-001) | H18: SETTING 화면 우측상단 Wi-Fi 아이콘 정상연결 상태확인(아래의 범례와 같은 상태) 범례 *Wi-Fi 아이콘 : 파란색으로 RSSI 신호세기 표기, 우하단심볼 미표기 | J18: ( O, X )
G19: 1. SETTING 화면의 TCP/IP 탭에서 Type 을 DHCP로 선택 | H19: SETTING 화면의 TCP/IP 탭에서 IP Address, Netmask, Gateway, DNS 1 또는 IP Address, Netmask, Gateway, DNS 2 에 대한 각 Value는 회색문자로 표기 | J19: ( O, X )
G20: 1. SETTING 화면의 Web service 탭에서 DR connect 항목을 OFF으로 선택 | H20: SETTING 화면의 Web service 탭에서 "- Address" 항목에 IP Address 값 미시현확인 | J20: ( O, X )
G21: 1. OP Basic Operation 화면 진입(OP 홈 화면에서 Basic Operation 터치) 2. OP Basic Operation 화면의 CHART 탭 선택 3. OP Basic Operation 화면의 CHART 탭의 하위의 첫번째 차트아이콘을 터치 | H21: OP Basic Operation 화면의 우상단 DC 아이콘 미연결 상태확인(아래의 범례와 같은 상태) 범례 *DC : 파란색으로 표기, 우하단심볼 X 표기 | J21: ( O, X ) | K21: CHART 탭을 눌러야, OP Basic Operation 화면의 우상단 DC 아이콘가 갱신이 되는 경우가 있음.
G22: 1. 차트시현 화면(TBD) 진입(HDC Remote Controller의 우측 삼각형방향표지 하단 [RANDOM] 버튼 활용) 2. OP Basic Operation 화면의 CHART 탭의 하위의 두번째 차트아이콘부터 순서대로 터치 | H22: OP Basic Operation 화면에서 선택한 차트아이콘과 차트시현 화면(TBD)의 디지털 차트와 비교결과, 차트의 이미지가 미일치 상태확인 | J22: ( O, X ) | K22: 차트의 변경을 위해, OP의 차트아이콘 전환 시, 느린 경우가 빈번히 발생함.(TBD)
A23: HDC-007 | B23: DR Connect ON 확인(Static) | C23: 1. AP 연결 후 (HDC-001), HDC-004에서 Static으로 설정 후 Web service 탭에서 DR connect ON 클릭 2. HDR과 Wi-Fi 연결 후 HDR에서 차트 동작을 진행해본다. | D23: HDR과 정상적으로 정상적으로 연결될 경우, 차트 변경이 진행됨. | E23: - HDC 1대 - AP(2.4GHz) 1대 - HDR-9000 1대 | F23: TC-HDC-007 | G23: 1. AP 연결 및 인증 확인(HDC-001) | H23: SETTING 화면 우측상단 Wi-Fi 아이콘 정상연결 상태확인(아래의 범례와 같은 상태) 범례 *Wi-Fi 아이콘 : 파란색으로 RSSI 신호세기 표기, 우하단심볼 미표기 | I23: IP 충돌 시 간헐적 끊길 수 있음 주의 | J23: ( O, X )
G24: 1. SETTING 화면 진입(HDC Remote Controller의 MENU 버튼과, 삼각형방향표지 버튼 활용) 2. SETTING 화면의 TCP/IP 탭에서 Static 선택 3. SETTING 화면의 탭 나가기(HDC Remote Controller의 우측 삼각형방향표지 하단 [RANDOM] 버튼 활용) 4. SETTING 화면의 Web Service 탭으로 이동(HDC Remote Controller의 삼각형방향표지 버튼 활용) | H24: Web Service 탭에서 "- Address" 의 Value 가 임의변경된 IP와 같은지 확인 | J24: ( O, X )
G25: 1. SETTING 화면의 Web service 탭에서 DR connect 항목을 ON으로 선택 | H25: SETTING 화면의 Web service 탭에서 "- Address" 항목에 IP Address 값 시현확인 | J25: ( O, X )
G26: 1. OP Basic Operation 화면 진입(OP 홈 화면에서 Basic Operation 터치) 2. OP Basic Operation 화면의 CHART 탭 선택 3. OP Basic Operation 화면의 CHART 탭의 하위의 첫번째 차트아이콘을 터치 | H26: OP Basic Operation 화면의 우상단 DC 아이콘 정상연결 상태확인(아래의 범례와 같은 상태) 범례 *DC : 파란색으로 표기, 우하단심볼 미표기 | J26: ( O, X ) | K26: CHART 탭을 눌러야, OP Basic Operation 화면의 우상단 DC 아이콘가 갱신이 되는 경우가 있음.
G27: 1. 차트시현 화면(TBD) 진입(HDC Remote Controller의 우측 삼각형방향표지 하단 [RANDOM] 버튼 활용) 2. OP Basic Operation 화면의 CHART 탭의 하위의 두번째 차트아이콘부터 순서대로 터치 | H27: OP Basic Operation 화면에서 선택한 차트아이콘과 차트시현 화면(TBD)의 디지털 차트와 비교결과, 차트의 이미지가 미일치 상태확인 | J27: ( O, X ) | K27: 차트의 변경을 위해, OP의 차트아이콘 전환 시, 느린 경우가 빈번히 발생함.(TBD)

Sheet Test Case 식별 all in one,origin
A1: Test Senario ID | B1: 테스트 항목 | C1: 테스트 절차 | D1: 기대 결과 | E1: Test Config ID | F1: Test Case ID | G1: Test Procedure | H1: Actual Result | I1: 비고 | J1: 결과 판정 | K1: 특이사항
A2: HRK-001 | B2: AP 연결 및 인증 확인 | C2: 1. 사용자 설정에서 WIFI - BAND를 2.4GHz / 5GHz 선택한다. 2. AP SSID 스캔을 위해 SCAN버튼을 touch한다. 3. AP List 모달(팝업)에서 사용할 AP를 터치. 4. AP 의 ID/Password 를 입력하고, Verify 버튼을 touch한다. 5. 인증 확인 메시지를 확인한다. - 성공시: AP Password is okay! - 실패시: Error code 확인 | D2: 1. 연결 가능한 AP 목록 (SSID/RSSI 순서) 2. AP 연결 성공 3. AP 인증 성공 | E2: 테스트대상 구성 (장비 대수, S/W Version): - HRK-9000A (1대, 1.01.01A) 테스트환경 구성 : - AP(2.4GHz Band) 1대 | F2: TC-HRK-001-WIFI-001 | G2: 1. SETUP MODE 화면으로 진입(홈 화면 우측 하단 톱니바퀴 아이콘 터치) 2. SETUP MODE 화면-2 페이지-WIFI 탭 으로이동 3. BAND 항목을 2.4GHz로 터치 4. SCAN 버튼 터치. | H2: AP List에 SETUP 화면에 RSSI 신호강도가 강한 순에서 작은 순으로 SSID가 배치확인 | I2: 2.4GHz, 5GHz AP 에서 각각 수행 연결 실패시, 에러메세지 확인 최초 연결 후 AP 끊어지는 경우 체크 필요 | J2: 1. HDR / 1) 1대 / 2) 2대 / 2. HIIS / 3. MATE / | K2: SETUP MODE 화면 진입 위해 "홈 화면 우측 하단 톱니바퀴 아이콘 터치" 시 간헐적 미인식
G3: 1. AP List 모달(팝업)에서 사용할 AP를 터치. | H3: SETUP MODE 화면-2 페이지-WIFI 탭 의 AP SSID 항목에 선택한 SSID 가 시현
G4: 1. AP Password 입력 2. Verify 버튼 터치 3. AP Password is okay! 모달 시현 대기 4. AP Password is okay! 모달 OK 버튼 터치 | H4: 최초 연결 후 TBD 초 간 AP 끊어짐 없고, 연결관련 에러메세지 없이, 측정화면의 우측상단 Wi-Fi & HDR 정상연결 상태확인(아래의 범례와 같은 상태) 범례 *Wi-Fi 아이콘(정상 연결상태): 파란색으로 RSSI 신호세기 표기, 우하단심볼 미표기
A5: HRK-002 | B5: Server 연결 확인 | C5: 1. AP를 연결한다. 2. 사용자 설정에서 HDR IP / Port 를 입력한다. (port (default: 42000)) 3. 사용자 설정을 나와서 HDR(Server) 연결을 확인한다. 4. 오른쪽 위 상단의 ICON 확인 - 제품 4대 연결 가능. (HDR / HRK-Mate / HIIS) - 연결 성공 O, 연결 실패 X로 icon 위에 표시 (모두 연결시 O/X 표시 안함.) | D5: 1. DR 연결 성공 | E5: 테스트대상 구성 (장비 대수, S/W Version): - HRK-9000A (1대, 1.01.01A) 테스트환경 구성 : - AP(2.4GHz Band) 1대 - HDR-9000 1대 | F5: TC-HRK-002-WIFI-001 | G5: 1. AP 연결 및 인증 확인(HRK-001) 2. SETUP MODE 화면으로 진입(홈 화면 우측 하단 톱니바퀴 아이콘 터치) 3. SETUP MODE 화면-2 페이지-HDR IP 1탭으로 이동 4. HDR Nickname 입력 ex> HDR9000_1(연결할 Nickname) 5. HDR IP 입력 ex> 192.168.***.***(연결할 HDR IP) 6. HDR Port 입력 ex> 42000(연결할 Port) 7. HDR 연결할 항목에 대한 Checkbox를 터치(V 표기 시현되도록) | H5: 홈 화면의 우측상단 Wi-Fi & HDR 정상연결 상태확인(아래의 범례와 같은 상태) 범례 *Wi-Fi 아이콘 : 회색으로 RSSI 신호세기 표기상태, 좌상단심볼 미표기 *DR 아이콘 : 회색으로 DR 표기, 좌상단심볼 미표기 | I5: 최소 1개, 최대4개 늘려가면서 연결 시도 이후 모든 전송 테스트도 Server 개수 늘려가면서 진행 | J5: 1. HDR / 1) 1대 / 합 2) 2대 / 2. HIIS / 3. MATE /
A6: HRK-003 | B6: 측정데이터 전송(수동모드) | C6: 1. AP를 연결한다. 2. HDR(Server)을 연결한다. 3. 사용자 설정에서 TRANSFER TYPE(전송모드)를 수동(Manual)으로 설정한다. 4. REF / KER 측정 모드에서 데이터를 측정한다. 5. 프린트 버튼을 누르거나, 화면에 프린트 버튼을 touch 한다. 6. HDR network connect 팝업창에서 HDR (server) 버튼을 touch하여, 데이터를 전송한다. 7. HDR( Server )에서 데이터를 수신 확인한다. 8. 전송 이후, AP 또는 Server 연결이 끊어지는지 확인한다. | D6: 1. 데이터 전송 성공 2. 데이터 전송 실패시 에러메세지 확인( DR(Server)와 끊어짐 상태 표시 또는 전송실패 표시 ) 3. 실패 이후 재전송 성공 | E6: 테스트대상 구성 (장비 대수, S/W Version): - HRK-9000A (1대, 1.01.01A) 테스트환경 구성 : - AP(2.4GHz Band) 1대 - HDR-9000 1대 | F6: TC-HRK-003-WIFI-001 | G6: 1. AP 연결 및 인증 확인(HRK-001) 2. Server 연결 확인(HRK-002, HDR에 연결) 3. SETUP MODE 화면으로 진입(홈 화면 우측 하단 톱니바퀴 아이콘 터치) 4. SETUP MODE 화면-2 페이지-WIFI 탭으로 이동 5. TRANSFER TYPE를 Manual으로 설정. 6. "REF/KER 측정 MODE 화면"으로 이동(SETUP MODE 화면에서 좌측상단 홈 아이콘 터치) 7. 모델아이 장착 8. 조이스틱 수동조작하여 모델아이의 눈동자를 화면 위치로 대략적 배치 9. "REF/KER 측정 MODE 화면"의 중간상단의 MEASURE 아이콘을 터치 | H6: HRK가 "REF/KER 측정 MODE 화면"에서 모델아이 측정한 상태로 멈춤 확인 | I6: 측정 모드는 모드별로 테스트 진행 | J6: 1. HDR / 1) 1대 / 합 2) 2대 / 2. HIIS / 3. MATE /
G7: 1. "REF/KER 측정 MODE 화면"의 우측하단의 프린터 아이콘을 터치. 2. HDR network connect 팝업창에서 HDR (server) 아이콘을 터치. | H7: "REF/KER 측정 MODE 화면"의 HDR network connect 팝업창에서 HDR (server) 아이콘이 문서교환 아이콘으로 변경시현확인
G8: 1. HDR network connect 팝업창에서 OK 버튼 터치 | H8: HRK가 움직이며 ALIGN CENTER 비모달 시현 후 동공의 CENTER에서 멈춤
G9: 1. OP 키보드의 LOAD 버튼 클릭 2. OP Basic Operation 화면 좌측상단 LOAD DATA의 RK 버튼 터치 | H9: "REF/KER 측정 MODE 화면" 좌측상단 차트번호와 OP Basic Operation 화면 좌측상단 LOAD DATA의 차트번호 비교결과, 측정화면 차트번호가 1이 더 큰지 확인
G10: 1. OP Basic Operation 화면 좌측상단 LOAD DATA의 차트번호 터치 | H10: "REF/KER 측정 MODE 화면"의 중간단의 좌우 R, L 데이터 목록과 OP Basic Operation 화면 상단중간 데이터 비교결과, S(SPH), C(CYLINDER), A(TBD)의 수치가 일치 상태확인(TBD. STEP 디옵터 설정 의존성 확인)
A11: HRK-004 | B11: 측정데이터 전송(자동모드) | C11: 1. AP를 연결한다. 2. HDR(Server)을 연결한다. 3. 사용자 설정에서 TRANSFER TYPE(전송모드)를 자동(Auto)으로 설정한다. 4. REF / KER 측정 모드에서 데이터를 측정한다. 5. 프린트 버튼을 누르거나, 화면에 프린트 버튼을 touch 한다. 6. HDR (Server) 가 모두 연결된 경우, 팝업창이 뜨지 않고 데이터가 전송되는지 확인한다. - 1대 이상 연결된 경우, 모두 연결된 상태확인 - 여러대 중 1~2대 연결이 끊어진 상태확인 (전송모드가 자동이어도, HDR network connect 팝업창이 떠야 정상) 7. HDR( Server )에서 데이터를 수신 확인한다. 8. 전송 이후, AP 또는 Server 연결이 끊어지는지 확인한다. | D11: 1. 데이터 전송 성공 2. 데이터 전송 실패시 에러메세지 확인( DR(Server)와 끊어짐 상태 표시 또는 전송실패 표시 ) 3. 실패 이후 재전송 성공 | E11: 테스트대상 구성 (장비 대수, S/W Version): - HRK-9000A (1대, 1.01.01A) 테스트환경 구성 : - AP(2.4GHz Band) 1대 - HDR-9000 1대 | F11: TC-HRK-004-WIFI-001 | G11: 1. AP 연결 및 인증 확인(HRK-001) 2. Server 연결 확인(HRK-002, HDR에 연결) 3. SETUP MODE 화면으로 진입(홈 화면 우측 하단 톱니바퀴 아이콘 터치) 4. SETUP MODE 화면-2 페이지-WIFI 탭으로 이동 5. TRANSFER TYPE를 Auto로 설정. 6. "REF/KER 측정 MODE 화면"으로 이동(SETUP MODE 화면에서 좌측상단 홈 아이콘 터치) 7. 모델아이 장착 8. 조이스틱 수동조작하여 모델아이의 눈동자를 화면 위치로 대략적 배치 9. "REF/KER 측정 MODE 화면"의 중간상단의 MEASURE 아이콘을 터치 | H11: HRK가 "REF/KER 측정 MODE 화면"에서 모델아이 측정한 상태로 멈춤 확인 | I11: 측정 모드는 모드별로 테스트 진행 | J11: 1. HDR / 1) 1대 / 합 2) 2대 / 2. HIIS / 3. MATE /
G12: 1. "REF/KER 측정 MODE 화면"의 우측하단의 프린터 아이콘을 터치. | H12: "REF/KER 측정 MODE 화면"의 HDR network connect 팝업창이 뜨지 않고, HRK가 움직이며 ALIGN CENTER 비모달 시현 후 동공의 CENTER에서 멈춤
G13: 1. OP 키보드의 LOAD 버튼 클릭 2. OP Basic Operation 화면 좌측상단 LOAD DATA의 RK 버튼 터치 | H13: "REF/KER 측정 MODE 화면" 좌측상단 차트번호와 OP Basic Operation 화면 좌측상단 LOAD DATA의 차트번호 비교결과, 측정화면 차트번호가 1이 더 큰지 확인 TBD - 1대 이상 연결된 경우, 모두 연결된 상태확인 - 여러대 중 1~2대 연결이 끊어진 상태확인 (전송모드가 자동이어도, HDR network connect 팝업창이 떠야 정상)
G14: 1. OP Basic Operation 화면 좌측상단 LOAD DATA의 차트번호 터치 | H14: "REF/KER 측정 MODE 화면"의 중간단의 좌우 R, L 데이터 목록과 OP Basic Operation 화면 상단중간 데이터 비교결과, S(SPH), C(CYLINDER), A(TBD)의 수치가 일치 상태확인(TBD. STEP 디옵터 설정 의존성 확인)
A15: HRK-005 | B15: 이미지(IOL) 촬영 후 전송 | C15: 1. RETRO-ILLUMINATION MODE에 들어간다. 2. 이미지를 촬영한다. - 조이스틱 누르거나, 화면에 CAPTURE touch - 최소1장 ~ 최대4장 capture, OD/OS 무관 3. 프린트 버튼을 눌러 데이터를 전송한다. - Image Transmitting (1/4) : 캡쳐한 이미지 4장중 1장 전송중 - Image Transfer Successful! : 이미지 전송 성공 - Image Transfer Failed! : 이미지 전송 실패 4. 전송이 완료 되면, HDR( Server )에서 데이터를 수신 확인한다. 5. 전송 이후, AP 또는 Server 연결이 끊어지는지 확인한다. | D15: 1. 데이터 전송 성공 2. 데이터 전송 실패시 에러메세지 확인( DR(Server)와 끊어짐 상태 표시 또는 전송실패 표시 ) 3. 실패 이후 재전송 성공 4. HDR이 Server 목록에 있더라도 전송 성공 하는지 유무 | E15: 테스트대상 구성 (장비 대수, S/W Version): - HRK-9000A (1대, 1.01.01A) 테스트환경 구성 : - AP(2.4GHz Band) 1대 - HDR-9000 1대 | F15: TC-HRK-005-WIFI-001 | G15: 1. "REF/KER 측정 MODE 화면"의 좌측하단 부기기능 아이콘(2x2 Matrix 아이콘, 우상단, 좌하단 2개 파란색, 나머지 2개 회색) 터치 2. Retro-ILL 터치 3. HRK 동작 멈출 때까지 대기 4. 조이스틱의 Shot 버튼 누름 | H15: RETRO-ILLUMINATION MODE 화면 하단중간 Image Captured 시현확인 | I15: 같은 환자번호에서, 여러 번 보냈을때 이미지가 덮어쓰여지는지 확인 필요. | J15: 1. HDR / 전송 기능 없음 1) 1대 / 2) 2대 / 2. HIIS / 3. MATE /
G16: 1. "REF/KER 측정 MODE 화면"으로 이동(좌측상단의 홈 아이콘 터치) 2. "REF/KER 측정 MODE 화면"의 우측하단의 프린터 아이콘을 터치. | H16: "REF/KER 측정 MODE 화면" 좌측상단 차트번호와 OP Basic Operation 화면 좌측상단 LOAD DATA의 차트번호 비교결과, 측정화면 차트번호가 1이 더 큰지 확인 TBD - HDR( Server )에서 데이터를 수신 확인한다. (OP 어디에서 수신이미지 확인하기 위한 위치 공유요청) TBD - Patient ID가 동일한 마이봄샘 이미지가 저장되어 있었다면, 덮어씀 (덮어쓰는 이미지 전 후 비교방법 공유요청) TBD - 같은 환자번호에서, 여러 번 보냈을때 이미지가 덮어쓰여지는지 확인 필요. (같은 환자번호에서, 여러 번 보내는 방법 공유요청)
A17: HRK-006 | B17: 이미지( COLOR ) 촬영 후 전송 | C17: 1. COLOR VIEW MODE에 들어간다. 2. 이미지를 촬영한다. - 조이스틱 누르거나, 화면에 CAPTURE touch - 최소1장 ~ 최대4장 capture, OD/OS 무관 3. 프린트 버튼을 눌러 데이터를 전송한다. - Image Transmitting (1/4) : 캡쳐한 이미지 4장중 1장 전송중 - Image Transfer Successful! : 이미지 전송 성공 - Image Transfer Failed! : 이미지 전송 실패 4. 전송이 완료 되면, HDR( Server )에서 데이터를 수신 확인한다. 5. 전송 이후, AP 또는 Server 연결이 끊어지는지 확인한다. | D17: 1. 데이터 전송 성공 2. 데이터 전송 실패시 에러메세지 확인( DR(Server)와 끊어짐 상태 표시 또는 전송실패 표시 ) 3. 실패 이후 재전송 성공 4. HDR이 Server 목록에 있더라도 전송 성공 하는지 유무 | E17: 테스트대상 구성 (장비 대수, S/W Version): - HRK-9000A (1대, 1.01.01A) 테스트환경 구성 : - AP(2.4GHz Band) 1대 - HDR-9000 1대 | F17: TC-HRK-006-WIFI-001 | G17: 1. "REF/KER 측정 MODE 화면"의 좌측하단 부기기능 아이콘(2x2 Matrix 아이콘, 우상단, 좌하단 2개 파란색, 나머지 2개 회색) 터치 2. COLOR 터치 3. HRK 동작 멈출 때까지 대기 4. 조이스틱의 Shot 버튼 누름 | H17: COLOR VIEW MODE 화면 하단중간 Image Captured 시현확인 | I17: 같은 환자번호에서, 여러 번 보냈을때 이미지가 덮어쓰여지는지 확인 필요. | J17: 1. HDR / 전송 기능 없음 1) 1대 / 2) 2대 / 2. HIIS / 3. MATE /
G18: 1. "REF/KER 측정 MODE 화면"으로 이동(좌측상단의 홈 아이콘 터치) 2. "REF/KER 측정 MODE 화면"의 우측하단의 프린터 아이콘을 터치. 3. HRK 동작 멈출 때까지 대기 | H18: "REF/KER 측정 MODE 화면" 좌측상단 차트번호와 OP Basic Operation 화면 좌측상단 LOAD DATA의 차트번호 비교결과, 측정화면 차트번호가 1이 더 큰지 확인 TBD - HDR( Server )에서 데이터를 수신 확인한다. (OP 어디에서 수신이미지 확인하기 위한 위치 공유요청) TBD - Patient ID가 동일한 마이봄샘 이미지가 저장되어 있었다면, 덮어씀 (덮어쓰는 이미지 전 후 비교방법 공유요청) TBD - 같은 환자번호에서, 여러 번 보냈을때 이미지가 덮어쓰여지는지 확인 필요. (같은 환자번호에서, 여러 번 보내는 방법 공유요청)
A19: HRK-007 | B19: 이미지( TFBUT ) 촬영 후 전송 | C19: 1. TFBUT MODE에 들어간다. 2. 이미지를 촬영한다. - 조이스틱 누르거나, 화면에 CAPTURE touch - 최소1장 ~ 최대4장 capture, OD/OS 무관 3. 프린트 버튼을 눌러 데이터를 전송한다. - Image Transmitting (1/4) : 캡쳐한 이미지 4장중 1장 전송중 - Image Transfer Successful! : 이미지 전송 성공 - Image Transfer Failed! : 이미지 전송 실패 4. 전송이 완료 되면, HDR( Server )에서 데이터를 수신 확인한다. 5. 전송 이후, AP 또는 Server 연결이 끊어지는지 확인한다. | D19: 1. 데이터 전송 성공 2. 데이터 전송 실패시 에러메세지 확인( DR(Server)와 끊어짐 상태 표시 또는 전송실패 표시 ) 3. 실패 이후 재전송 성공 4. HDR이 Server 목록에 있더라도 전송 성공 하는지 유무 | E19: 테스트대상 구성 (장비 대수, S/W Version): - HRK-9000A (1대, 1.01.01A) 테스트환경 구성 : - AP(2.4GHz Band) 1대 - HDR-9000 1대 | F19: TC-HRK-007-WIFI-001 | G19: 1. "REF/KER 측정 MODE 화면"의 좌측하단 부기기능 아이콘(2x2 Matrix 아이콘, 우상단, 좌하단 2개 파란색, 나머지 2개 회색) 터치 2. TFBUT 터치 3. HRK 동작 멈출 때까지 대기 4. 조이스틱의 Shot 버튼 누름 | H19: TFBUT MODE 화면 하단중간 Image Captured 시현확인 | I19: 같은 환자번호에서, 여러 번 보냈을때 이미지가 덮어쓰여지는지 확인 필요. Server 가 HIIS-1인 경우, duration time 출력 여부 확인 필요. | J19: 1. HDR / 전송 기능 없음 1) 1대 / 2) 2대 / 2. HIIS / 3. MATE /
G20: 1. "REF/KER 측정 MODE 화면"으로 이동(좌측상단의 홈 아이콘 터치) 2. "REF/KER 측정 MODE 화면"의 우측하단의 프린터 아이콘을 터치. 3. HRK 동작 멈출 때까지 대기 | H20: "REF/KER 측정 MODE 화면" 좌측상단 차트번호와 OP Basic Operation 화면 좌측상단 LOAD DATA의 차트번호 비교결과, 측정화면 차트번호가 1이 더 큰지 확인 TBD - HDR( Server )에서 데이터를 수신 확인한다. (OP 어디에서 수신이미지 확인하기 위한 위치 공유요청) TBD - Patient ID가 동일한 마이봄샘 이미지가 저장되어 있었다면, 덮어씀 (덮어쓰는 이미지 전 후 비교방법 공유요청) TBD - 같은 환자번호에서, 여러 번 보냈을때 이미지가 덮어쓰여지는지 확인 필요. (같은 환자번호에서, 여러 번 보내는 방법 공유요청)
A21: HRK-008 | B21: 이미지( MEIBO ) 촬영 후 전송 | C21: 1. MEIBOGRAPHY MODE에 들어간다. 2. 이미지를 촬영한다. - 조이스틱 누르거나, 화면에 CAPTURE touch - 최소1장 ~ 최대4장 capture, OD/OS 무관 3. 프린트 버튼을 눌러 데이터를 전송한다. - Image Transmitting (1/4) : 캡쳐한 이미지 4장중 1장 전송중 - Image Transfer Successful! : 이미지 전송 성공 - Image Transfer Failed! : 이미지 전송 실패 4. 전송이 완료 되면, HDR( Server )에서 데이터를 수신 확인한다. 5. 전송 이후, AP 또는 Server 연결이 끊어지는지 확인한다. | D21: 1. 데이터 전송 성공 2. 데이터 전송 실패시 에러메세지 확인( DR(Server)와 끊어짐 상태 표시 또는 전송실패 표시 ) 3. 실패 이후 재전송 성공 4. HDR이 Server 목록에 있더라도 전송 성공 하는지 유무 | E21: 테스트대상 구성 (장비 대수, S/W Version): - HRK-9000A (1대, 1.01.01A) 테스트환경 구성 : - AP(2.4GHz Band) 1대 - HDR-9000 1대 | F21: TC-HRK-008-WIFI-001 | G21: 1. "REF/KER 측정 MODE 화면"의 좌측하단 부기기능 아이콘(2x2 Matrix 아이콘, 우상단, 좌하단 2개 파란색, 나머지 2개 회색) 터치 2. MEIBO 터치 3. HRK 동작 멈출 때까지 대기 4. 조이스틱의 Shot 버튼 누름 | H21: MEIBOGRAPHY MODE 화면의 하단중간 Image Captured 시현확인 | I21: 같은 환자번호에서, 여러 번 보냈을때 이미지가 덮어쓰여지는지 확인 필요. | J21: 1. HDR / 전송 기능 없음 1) 1대 / 2) 2대 / 2. HIIS / 3. MATE /
G22: 1. "REF/KER 측정 MODE 화면"으로 이동(좌측상단의 홈 아이콘 터치) 2. "REF/KER 측정 MODE 화면"의 우측하단의 프린터 아이콘을 터치 3. HRK 동작 멈출 때까지 대기 | H22: "REF/KER 측정 MODE 화면" 좌측상단 차트번호와 OP Basic Operation 화면 좌측상단 LOAD DATA의 차트번호 비교결과, 측정화면 차트번호가 1이 더 큰지 확인 TBD - HDR( Server )에서 데이터를 수신 확인한다. (OP 어디에서 수신이미지 확인하기 위한 위치 공유요청) TBD - Patient ID가 동일한 마이봄샘 이미지가 저장되어 있었다면, 덮어씀 (덮어쓰는 이미지 전 후 비교방법 공유요청) TBD - 같은 환자번호에서, 여러 번 보냈을때 이미지가 덮어쓰여지는지 확인 필요. (같은 환자번호에서, 여러 번 보내는 방법 공유요청)
A23: HRK-009 | B23: 이미지( MEIBO - 강조 ) 전송 | C23: 1. MEIBOGRAPHY MODE에 들어간다. 2. 이미지를 촬영한다. 3. 눈 모양 버튼을 touch하여 이미지 display 화면으로 들어가서 마이봄샘을 강조할 이미지 1장을 선택한다. 4. 아이콘 버튼을 touch하여 마이봄샘을 강조한다. 5. 프린트 버튼을 눌러 데이터를 전송한다. - Image Transmitting (1/1) : 캡쳐한 이미지 1장 전송중 - Image Transfer Successful! : 이미지 전송 성공 - Image Transfer Failed! : 이미지 전송 실패 6. 전송이 완료 되면, HDR( Server )에서 데이터를 수신 확인한다. (Patient ID가 동일한 마이봄샘 이미지가 저장되어 있었다면, 덮어씀) 7. 전송 이후, AP 또는 Server 연결이 끊어지는지 확인한다. | D23: 1. 데이터 전송 성공 2. 데이터 전송 실패시 에러메세지 확인( DR(Server)와 끊어짐 상태 표시 또는 전송실패 표시 ) 3. 실패 이후 재전송 성공 4. HDR이 Server 목록에 있더라도 전송 성공 하는지 유무 | E23: 테스트대상 구성 (장비 대수, S/W Version): - HRK-9000A (1대, 1.01.01A) 테스트환경 구성 : - AP(2.4GHz Band) 1대 - HDR-9000 1대 | F23: TC-HRK-009-WIFI-001 | G23: 1. "REF/KER 측정 MODE 화면"의 좌측하단 부기기능 아이콘(2x2 Matrix 아이콘, 우상단, 좌하단 2개 파란색, 나머지 2개 회색) 터치 2. MEIBO 터치 3. HRK 동작 멈출 때까지 대기 4. 조이스틱의 Shot 아이콘 누름 | H23: MEIBOGRAPHY MODE 화면의 하단중간 Image Captured 시현확인 | I23: 같은 환자번호에서, 여러 번 보냈을때 이미지가 덮어쓰여지는지 확인 필요. | J23: 1. HDR / 전송 기능 없음 1) 1대 / 2) 2대 / 2. HIIS / 3. MATE /
G24: 1. MEIBOGRAPHY 화면의 우측하단 이중 사각형 안 눈모양 아이콘을 터치 | H24: "MEIBOGRAPHY MODE 이미지 시현화면"으로 화면전환 확인 (4개의 이미지가 한 화면에 4분할 되어 시현)
G25: 1. MEIBOGRAPHY MODE 이미지 시현화면의 4장 중 마이봄샘을 강조할 이미지 1장을 선택한다. 2. 선택된 이미지의 우측하단 마이봄샘 아이콘을 터치 | H25: "MEIBOGRAPHY MODE 이미지 시현화면"의 선택된 화면의 우측하단 마이봄샘 아이콘의 마이봄샘 색상이 보라색으로 시현확인
G26: 1. "REF/KER 측정 MODE 화면"으로 이동(좌측상단의 뒤로가기 아이콘 터치) 2. "REF/KER 측정 MODE 화면"으로 이동(좌측상단의 뒤로가기 아이콘 터치) 3. "REF/KER 측정 MODE 화면"으로 이동(홈 아이콘 터치) 4. "REF/KER 측정 MODE 화면"의 우측하단의 프린터 아이콘을 터치 5. HRK 동작 멈출 때까지 대기 | H26: "REF/KER 측정 MODE 화면" 좌측상단 차트번호와 OP Basic Operation 화면 좌측상단 LOAD DATA의 차트번호 비교결과, 측정화면 차트번호가 1이 더 큰지 확인 TBD - HDR( Server )에서 데이터를 수신 확인한다. (OP 어디에서 수신이미지 확인하기 위한 위치 공유요청) - Patient ID가 동일한 마이봄샘 이미지가 저장되어 있었다면, 덮어씀 (덮어쓰는 이미지 전 후 비교방법 공유요청) - 같은 환자번호에서, 여러 번 보냈을때 이미지가 덮어쓰여지는지 확인 필요. (같은 환자번호에서, 여러 번 보내는 방법 공유요청)
A27: HRK-010 | B27: Server 재연결 시 복구 | C27: 1. AP를 연결한다. 2. HDR(Server)을 연결한다. 3. 연결을 확인한 후, 임의의 Server의 AP 연결을 끊는다. 4. 임의의 Server AP 재접속을 진행한다. 5. HRK에서 끊어짐 표시를 확인한 후 데이터를 측정한다. 6. 데이터를 전송한다. 7. 전송목록에서 연결이 끊어진 Server의 아이콘 상태를 확인한다. 8. 아이콘을 눌러 재접속을 진행한 후 데이터를 전송한다. 9. Server에서 데이터를 수신 확인한다. | D27: 1. Server 접속상태 표시 2. Server와의 접속상태를 갱신하고, 데이터 전송 성공 3. 데이터 전송 실패시 에러메세지 확인( DR(Server)와 끊어짐 상태 표시 또는 전송실패 표시 ) 4. 실패 이후 재전송 성공 | E27: 테스트대상 구성 (장비 대수, S/W Version): - HRK-9000A (1대, 1.01.01A) 테스트환경 구성 : - AP(2.4GHz Band) 1대 - HDR-9000 1대 | F27: TC-HRK-010-WIFI-001 | G27: 1. AP 연결 및 인증 확인(HRK-001) 2. Server 연결 확인(HRK-002, HDR에 연결) 3. SETUP MODE 화면으로 진입(홈 화면 우측 하단 톱니바퀴 아이콘 터치) 4. SETUP MODE 화면-2 페이지-WIFI 탭으로 이동 5. TRANSFER TYPE를 Auto로 설정. 6. "REF/KER 측정 MODE 화면"으로 이동(SETUP MODE 화면에서 좌측상단 홈 아이콘 터치) | H27: "REF/KER 측정 MODE 화면" 시현확인 | I27: 전송 모드는 수동/자동 각각 설정하여 테스트 진행 측정 모드는 모드별로 테스트 진행 Server는 최소 1개, 최대 4개 늘려가면서 테스트 진행 | J27: 1. HDR / 1) 1대 / 불 2) 2대 / 2. HIIS / 3. MATE / | K27: -. HRK-9000A CCD 타입은 AP끊었을 시, 아이콘 갱신이 다소 오래걸림(Ver26) -. AP 재부팅 시, HDR에서 HRK와 자동 연결이 안되고, HRK에서 재시도를 하면 연결됨
G28: 1. 모델아이 장착 2. 조이스틱 수동조작하여 모델아이의 눈동자를 화면 위치로 대략적 배치 3. OP 홈 화면 진입(OP Basic Operation 화면에서 좌측상단 홈 아이콘 터치) 4. OP QC Settings 화면 진입(OP 홈 화면에서 Shift+MENU 터치) 5. OP QC Settings 화면의 "Commnunication 탭"의 Connection 항목을 OFF로 터치. 6. OP QC Settings 화면의 OK 터치 | H28: "REF/KER 측정 MODE 화면"에서 우측상단에서 *HDR 아이콘(미연결상태) 확인. 범례 *HDR 아이콘(미연결상태) : 회색톤 아이콘 표기, 좌상단심볼 X 파란색으로 표기
G29: 1. OP QC Settings 화면 진입(OP 홈 화면에서 Shift+MENU 터치) 2. OP QC Settings 화면의 "Commnunication 탭"의 Connection 항목을 ON로 터치. 3. OP QC Settings 화면의 OK 터치 | H29: OP 홈 화면 시현확인
G30: 1. "REF/KER 측정 MODE 화면"의 중간상단의 MEASURE 아이콘을 터치 2. "REF/KER 측정 MODE 화면"의 우측하단의 프린터 아이콘을 터치. | H30: HDR network connect 모달 시현확인
G31: 1. "REF/KER 측정 MODE 화면"의 HDR network connect 모달에서 "HDR 재연결 시도 아이콘" 터치 | H31: "REF/KER 측정 MODE 화면"의 HDR network connect 모달에서 "HDR 재연결 시도 아이콘" 이 "HDR 연결완료 아이콘" 으로 변경 확인
G32: 1. "REF/KER 측정 MODE 화면"의 HDR network connect 모달에서 OK 터치 2. OP Basic Operation 화면 진입(OP 홈 화면에서 Basic Operation 터치) 3. OP 키보드의 LOAD 버튼 터치 4. OP Basic Operation 화면 좌측상단 LOAD DATA의 RK 버튼 터치 | H32: "REF/KER 측정 MODE 화면" 좌측상단 차트번호와 OP Basic Operation 화면 좌측상단 LOAD DATA의 차트번호 비교결과, "REF/KER 측정 MODE 화면" 차트번호가 2차이 이상 임을 확인 (데이터 안들어온 것으로 판단) TBD. 정상루틴인 건지 문제인건지 확인필요
G33: 1. "REF/KER 측정 MODE 화면"의 중간상단의 MEASURE 아이콘을 터치 2. "REF/KER 측정 MODE 화면"의 우측하단의 프린터 아이콘을 터치. 3. OP Basic Operation 화면 진입(OP 홈 화면에서 Basic Operation 터치) 4. OP 키보드의 LOAD 버튼 터치 5. OP Basic Operation 화면 좌측상단 LOAD DATA의 RK 버튼 터치 | H33: "REF/KER 측정 MODE 화면" 좌측상단 차트번호와 OP Basic Operation 화면 좌측상단 LOAD DATA의 차트번호 비교결과, "REF/KER 측정 MODE 화면" 차트번호가 1이 더 큰지 확인
G34: 1. OP Basic Operation 화면 좌측상단 LOAD DATA의 차트번호 터치 | H34: "REF/KER 측정 MODE 화면"의 중간단의 좌우 R, L 데이터 목록과 OP Basic Operation 화면 상단중간 데이터 비교결과, S(SPH), C(CYLINDER), A(TBD)의 수치가 일치 상태확인(TBD. STEP 디옵터 설정 의존성 확인)
E35: 테스트대상 구성 (장비 대수, S/W Version): - HRK-9000A (1대, 1.01.01A) 테스트환경 구성 : - AP(2.4GHz Band) 1대 - HDR-9000 1대 | G35: 1. AP 연결 및 인증 확인(HRK-001) 2. Server 연결 확인(HRK-002, HDR에 연결) 3. SETUP MODE 화면으로 진입(홈 화면 우측 하단 톱니바퀴 아이콘 터치) 4. SETUP MODE 화면-2 페이지-WIFI 탭으로 이동 5. TRANSFER TYPE를 Auto로 설정. 6. "REF/KER 측정 MODE 화면"으로 이동(SETUP MODE 화면에서 좌측상단 홈 아이콘 터치) | H35: "REF/KER 측정 MODE 화면" 시현확인 | I35: 전송 모드는 수동/자동 각각 설정하여 테스트 진행 측정 모드는 모드별로 테스트 진행 Server는 최소 1개, 최대 4개 늘려가면서 테스트 진행 | J35: 1. HDR / 1) 1대 / 불 2) 2대 / 2. HIIS / 3. MATE / | K35: -. HRK-9000A CCD 타입은 AP끊었을 시, 아이콘 갱신이 다소 오래걸림(Ver26) -. AP 재부팅 시, HDR에서 HRK와 자동 연결이 안되고, HRK에서 재시도를 하면 연결됨
G36: 1. 모델아이 장착 2. 조이스틱 수동조작하여 모델아이의 눈동자를 화면 위치로 대략적 배치 3. OP 홈 화면 진입(OP Basic Operation 화면에서 좌측상단 홈 아이콘 터치) 4. OP QC Settings 화면 진입(OP 홈 화면에서 Shift+MENU 터치) 5. OP QC Settings 화면의 "Commnunication 탭"의 Connection 항목을 OFF로 터치. 6. OP QC Settings 화면의 OK 터치 | H36: "REF/KER 측정 MODE 화면"에서 우측상단에서 *HDR 아이콘(미연결상태) 확인. 범례 *HDR 아이콘(미연결상태) : 회색톤 아이콘 표기, 좌상단심볼 X 파란색으로 표기
G37: 1. OP QC Settings 화면 진입(OP 홈 화면에서 Shift+MENU 터치) 2. OP QC Settings 화면의 "Commnunication 탭"의 Connection 항목을 ON로 터치. 3. OP QC Settings 화면의 OK 터치 | H37: OP 홈 화면 시현확인
G38: 1. "REF/KER 측정 MODE 화면"의 중간상단의 MEASURE 아이콘을 터치 2. "REF/KER 측정 MODE 화면"의 우측하단의 프린터 아이콘을 터치. | H38: HDR network connect 모달 시현확인
G39: 1. "REF/KER 측정 MODE 화면"의 HDR network connect 모달에서 "HDR 재연결 시도 아이콘" 터치 | H39: "REF/KER 측정 MODE 화면"의 HDR network connect 모달에서 "HDR 재연결 시도 아이콘" 이 "HDR 연결완료 아이콘" 으로 변경 확인
G40: 1. "REF/KER 측정 MODE 화면"의 HDR network connect 모달에서 OK 터치 2. OP Basic Operation 화면 진입(OP 홈 화면에서 Basic Operation 터치) 3. OP 키보드의 LOAD 버튼 터치 4. OP Basic Operation 화면 좌측상단 LOAD DATA의 RK 버튼 터치 | H40: "REF/KER 측정 MODE 화면" 좌측상단 차트번호와 OP Basic Operation 화면 좌측상단 LOAD DATA의 차트번호 비교결과, "REF/KER 측정 MODE 화면" 차트번호가 2차이 이상 임을 확인 (데이터 안들어온 것으로 판단) TBD. 정상루틴인 건지 문제인건지 확인필요
G41: 1. "REF/KER 측정 MODE 화면"의 중간상단의 MEASURE 아이콘을 터치 2. "REF/KER 측정 MODE 화면"의 우측하단의 프린터 아이콘을 터치. 3. OP Basic Operation 화면 진입(OP 홈 화면에서 Basic Operation 터치) 4. OP 키보드의 LOAD 버튼 터치 5. OP Basic Operation 화면 좌측상단 LOAD DATA의 RK 버튼 터치 | H41: "REF/KER 측정 MODE 화면" 좌측상단 차트번호와 OP Basic Operation 화면 좌측상단 LOAD DATA의 차트번호 비교결과, "REF/KER 측정 MODE 화면" 차트번호가 1이 더 큰지 확인
G42: 1. OP Basic Operation 화면 좌측상단 LOAD DATA의 차트번호 터치 | H42: "REF/KER 측정 MODE 화면"의 중간단의 좌우 R, L 데이터 목록과 OP Basic Operation 화면 상단중간 데이터 비교결과, S(SPH), C(CYLINDER), A(TBD)의 수치가 일치 상태확인(TBD. STEP 디옵터 설정 의존성 확인)
A43: HRK-011 | B43: 장비 재부팅 시 복구 | C43: 1. AP를 연결한다. 2. HDR(Server)을 연결한다. 3. 연결을 확인한 후, 장비의 전원을 off 한다. 4. 장비의 전원을 on 한다. 5. AP / HDR(Server) 재접속 여부를 확인한다. 6. 재접속이 되지않은경우, 수동으로 재접속을 진행한다. 7. 데이터를 측정한다. 8. Server에서 데이터를 수신 확인한다. | D43: 1. 데이터 전송 성공 2. 데이터 전송 실패시 에러메세지 확인( DR(Server)와 끊어짐 상태 표시 또는 전송실패 표시 ) 3. 실패 이후 재전송 성공 | E43: 테스트대상 구성 (장비 대수, S/W Version): - HRK-9000A (1대, 1.01.01A) 테스트환경 구성 : - AP(2.4GHz Band) 1대 - HDR-9000 1대 | F43: TC-HRK-011-WIFI-001 | G43: 1. AP 연결 및 인증 확인(HRK-001) 2. Server 연결 확인(HRK-002, HDR에 연결) 3. SETUP MODE 화면으로 진입(홈 화면 우측 하단 톱니바퀴 아이콘 터치) 4. SETUP MODE 화면-2 페이지-WIFI 탭으로 이동 5. TRANSFER TYPE를 Auto로 설정. 6. "REF/KER 측정 MODE 화면"으로 이동(SETUP MODE 화면에서 좌측상단 홈 아이콘 터치) 7. 모델아이 장착 8. 조이스틱 수동조작하여 모델아이의 눈동자를 화면 위치로 대략적 배치 | H43: 모델아이의 눈의 윤곽이 "REF/KER 측정 MODE 화면"에 시현확인 | I43: 전송 모드는 수동/자동 각각 설정하여 테스트 진행 측정 모드는 모드별로 테스트 진행 Server는 최소 1개, 최대 4개 늘려가면서 테스트 진행 | J43: 1. HDR / 1) 1대 / 2) 2대 / 2. HIIS / 3. MATE /
G44: 1. OP QC Settings 화면 진입(OP 홈 화면에서 Shift+MENU 터치) 2. OP QC Settings 화면의 "Commnunication 탭"의 Connection 항목을 ON로 터치. 3. OP QC Settings 화면의 OK 터치 | H44: OP 홈 화면 시현확인
G45: 1. HTR 장비 스위치 OFF 2. TBD 초 이상 대기 3. HTR 장비 스위치 ON | H45: "REF/KER 측정 MODE 화면"의 우측상단 Wi-Fi & HDR 정상연결 상태확인(아래의 범례와 같은 상태) 범례 *Wi-Fi 아이콘 : 회색으로 RSSI 신호세기 표기상태, 우하단심볼 미표기 *DR 아이콘 : 회색으로 DR 표기, 우하단심볼 미표기
G46: 1. 재접속이 되지않은경우, 수동으로 재접속을 진행한다.
G47: 1. "REF/KER 측정 MODE 화면"의 중간상단의 MEASURE 아이콘을 터치 2. "REF/KER 측정 MODE 화면"의 우측하단의 프린터 아이콘을 터치. | H47: HDR network connect 모달 시현확인
G48: 1. "REF/KER 측정 MODE 화면"의 HDR network connect 모달에서 "HDR 재연결 시도 아이콘" 터치 | H48: "REF/KER 측정 MODE 화면"의 HDR network connect 모달에서 "HDR 재연결 시도 아이콘" 이 "HDR 연결완료 아이콘" 으로 변경 확인
G49: 1. "REF/KER 측정 MODE 화면"의 HDR network connect 모달에서 OK 터치 2. OP Basic Operation 화면 진입(OP 홈 화면에서 Basic Operation 터치) 3. OP 키보드의 LOAD 버튼 터치 4. OP Basic Operation 화면 좌측상단 LOAD DATA의 RK 버튼 터치 | H49: "REF/KER 측정 MODE 화면" 좌측상단 차트번호와 OP Basic Operation 화면 좌측상단 LOAD DATA의 차트번호 비교결과, "REF/KER 측정 MODE 화면" 차트번호가 1이 더 큰지 확인
G50: 1. OP Basic Operation 화면 좌측상단 LOAD DATA의 차트번호 터치 | H50: "REF/KER 측정 MODE 화면"의 중간단의 좌우 R, L 데이터 목록과 OP Basic Operation 화면 상단중간 데이터 비교결과, S(SPH), C(CYLINDER), A(TBD)의 수치가 일치 상태확인(TBD. STEP 디옵터 설정 의존성 확인)
A51: Test Senario ID | B51: 테스트 항목 | C51: 테스트 절차 | D51: 기대 결과 | E51: Test Config ID | F51: Test Case ID | G51: Test Procedure | H51: Actual Result | I51: 비고 | J51: 결과 판정 | K51: 특이사항
A52: HLM-001 | B52: AP 연결 및 인증 확인 | C52: 1. 사용자 설정에서 NETWORK - AP ID 스캔을 위해 SCAN버튼을 touch한다. 2. AP list (popup창)에서 사용할 AP를 선택 한다. 3. AP 의 ID/Password 를 입력하고, Verify 버튼을 touch한다. 4. 인증 확인 메시지를 확인한다. - 성공시: AP Password is okay! - 실패시: Error code 확인 | D52: 1. 연결 가능한 AP 목록 (SSID/RSSI 순서) 2. AP 연결 성공 3. AP 인증 성공 | E52: 테스트대상 구성 : - HLM 1대 테스트환경 구성 : - AP(2.4GHz) 1대 | F52: TC-HLM-001 | G52: 1. SETUP 화면 진입(측정화면 우측하단 Gear 아이콘 터치) 2. SETUP 화면-NETWORK 탭-1 페이지로 이동 3. AP ID 선택(2.4GHz AP SSID) ex> MER**** 4. Scan 버튼 터치 | H52: AP List에 SETUP 화면에 RSSI 신호강도가 강한 순에서 작은 순으로 SSID가 배치확인 | I52: 2.4GHz, 5GHz AP 에서 각각 수행 연결 실패시, 에러메세지 확인 최초 연결 후 AP 끊어지는 경우 체크 필요 | J52: ( O, X )
G53: 1. AP Password 입력 2. Verify 버튼 터치 3. AP Password is okay! 모달 시현 대기 4. AP Password is okay! 모달 OK 버튼 터치 | H53: 최초 연결 후 TBD 초 간 AP 끊어짐 없고, 연결관련 에러메세지 없이, 측정화면의 우측상단 Wi-Fi & HDR 정상연결 상태확인(아래의 범례와 같은 상태) 범례 *Wi-Fi 아이콘(정상 연결상태): 파란색으로 RSSI 신호세기 표기, 우하단심볼 미표기 | J53: ( O, X )
A54: HLM-002 | B54: Server 연결 확인 | C54: 1. AP를 연결한다. 2. 사용자 설정에서 NETWORK - 2page에 IP / Port 를 입력한다. (port (default: 2100)) 3. 사용자 설정을 나와서 HDR(Server) 연결을 확인한다. 4. 오른쪽 위 상단의 ICON 확인 - 제품 4대 연결 가능. (HDR / HIIS) - 연결 성공 O, 연결 실패 X로 icon 위에 표시 (모두 연결시 O/X 표시 안함.) | D54: 1. DR 연결 성공 | E54: 테스트대상 구성 : - HLM 1대 테스트환경 구성 : - AP(2.4GHz) 1대 - HDR-9000 1대 | F54: TC-HLM-002 | G54: 1. AP 연결 및 인증 확인(HLM-001) 2. SETUP 화면-NETWORK 탭-2 페이지 SSID 입력 3. SETUP 화면-NETWORK 탭-2 페이지 IP 입력 ex> 192.168.***.*** 4. SETUP 화면-NETWORK 탭-2 페이지 Port 입력 ex> 2100(default port) 5. 측정화면으로 이동(SETUP 화면의 좌측상단 BACK 버튼을 터치) | H54: 측정화면에서 우측상단에서 *HDR 아이콘(정상 연결상태) 확인한다. 범례 *HDR 아이콘(정상 연결상태) : 파란색톤 DR 아이콘 표기, 우상단심볼 미표기 | I54: 최소 1개, 최대4개 늘려가면서 연결 시도 이후 모든 전송 테스트도 Server 개수 늘려가면서 진행 | J54: ( O, X )
A55: HLM-003 | B55: 측정데이터 전송 (수동모드) | C55: 1. AP를 연결한다. 2. HDR(Server)을 연결한다. 3. 사용자 설정에서 NETWORK -Trans. Type (전송모드)를 Manual(수동)으로 설정한다. 4. 측정화면에서 측정렌즈를 LENS cap 위에 올려 두고 데이터를 측정한다. 5. 화면에 프린트 버튼을 touch 한다. 6. HDR network connect 팝업창에서 HDR (server) 버튼을 touch하여, 데이터를 전송한다. 7. HDR( Server )에서 데이터를 수신 확인한다. 8. 전송 이후, AP 또는 Server 연결이 끊어지는지 확인한다. | D55: 1. 데이터 전송 성공 2. 데이터 전송 실패시 에러메세지 확인( DR(Server)와 끊어짐 상태 표시 또는 전송실패 표시 ) 3. 실패 이후 재전송 성공 | E55: 테스트대상 구성 : - HLM 1대 테스트환경 구성 : - AP(2.4GHz) 1대 - HDR-9000 1대 | F55: TC-HLM-003 | G55: 1. AP 연결 및 인증 확인(HLM-001) 2. Server 연결 확인(HLM-002, HDR에 연결) 3. SETUP 화면- NETWORK -Trans. Type을 Manual로 설정. 4. 측정렌즈를 HLM의 LENS cap 위에 안착(측정화면 과녁에서 + 가 최대크기가 되는 지점에서) 5. HDR network connect 팝업창에서 HDR (server) 아이콘 터치 | H55: HDR (Server)가 모두 연결된 경우 > HDR network connect 팝업창 없이 데이터 전송 확인 HDR (Server)가 모두 연결되지 않은 경우 > HDR network connect 팝업창 뜨고 데이터 전송 확인? 두가지 경우의 수 모두 시험?(TBD) | I55: 전송 모드는 수동/자동 각각 설정하여 테스트 진행 측정 모드는 모드별로 테스트 진행 | J55: ( O, X )
G56: 1. 측정화면의 우측하단의 프린터 아이콘을 터치. 2. OP 키보드의 LOAD 버튼 클릭 3. OP Basic Operation 화면 좌측상단 LOAD DATA의 LM 버튼 터치 | H56: 측정화면 좌측상단 차트번호와 OP Basic Operation 화면 좌측상단 LOAD DATA의 차트번호 비교결과, 차트번호가 일치 상태확인
G57: 1. OP Basic Operation 화면 좌측상단 LOAD DATA의 차트번호 터치 | H57: 측정화면 L, R 데이터와 OP Basic Operation 화면 상단중간 데이터 비교결과, S(SPH)의 수치가 일치 상태확인(TBD. STEP 디옵터 설정 의존성 확인) | J57: ( O, X )
A58: HLM-004 | B58: 측정데이터 전송 (자동모드) | C58: 1. AP를 연결한다. 2. HDR(Server)을 연결한다. 3. 사용자 설정에서 NETWORK -Trans. Type(전송모드)를 Auto(자동)으로 설정한다. 4. 측정화면에서 측정렌즈를 LENS cap 위에 올려 두고 데이터를 측정한다. 5. 화면에 프린트 버튼을 touch 한다. 6. HDR (Server)가 모두 연결된 경우, 팝업창이 뜨지 않고 데이터가 전송되는지 확인한다. - 1대 이상 연결된 경우, 모두 연결된 상태확인 - 여러대 중 1~2대 연결이 끊어진 상태확인 (전송모드가 자동이어도, HDR network connect 팝업창이 떠야 정상) 7. HDR( Server )에서 데이터를 수신 확인한다. 8. 전송 이후, AP 또는 Server 연결이 끊어지는지 확인한다. | D58: 1. 데이터 전송 성공 2. 데이터 전송 실패시 에러메세지 확인( DR(Server)와 끊어짐 상태 표시 또는 전송실패 표시 ) 3. 실패 이후 재전송 성공 | E58: 테스트대상 구성 : - HLM 1대 테스트환경 구성 : - AP(2.4GHz) 1대 - HDR-9000 1대 | F58: TC-HLM-004 | G58: 1. AP 연결 및 인증 확인(HLM-001) 2. Server 연결 확인(HLM-002, HDR에 연결) 3. SETUP 화면- NETWORK -Trans. Type을 Auto로 설정. 4. 측정렌즈를 HLM의 LENS cap 위에 안착(측정화면 과녁에서 + 가 최대크기가 되는 지점에서). 5. 측정화면의 우측하단의 프린터 아이콘을 터치. | H58: HDR (Server)가 모두 연결된 경우 > HDR network connect 팝업창 없이 데이터 전송 확인 HDR (Server)가 모두 연결되지 않은 경우 > HDR network connect 팝업창 뜨고 데이터 전송 확인? 두가지 경우의 수 모두 시험?(TBD) | I58: 전송 모드는 수동/자동 각각 설정하여 테스트 진행 측정 모드는 모드별로 테스트 진행 | J58: ( O, X )
A59: HLM-005 | B59: Server 재연결 시 복구 | C59: 1. AP를 연결한다. 2. HDR(Server)을 연결한다. 3. 연결을 확인한 후, 임의의 Server의 AP 연결을 끊는다. 4. 임의의 Server AP 재접속을 진행한다. 5. HLM에서 끊어짐 표시를 확인한 후 데이터를 측정한다. 6. 데이터를 전송한다. 7. 전송목록에서 연결이 끊어진 Server의 아이콘 상태를 확인한다. 8. 아이콘을 눌러 재접속을 진행한 후 데이터를 전송한다. 9. Server에서 데이터를 수신 확인한다. | D59: 1. Server 접속상태 표시 2. Server와의 접속상태를 갱신하고, 데이터 전송 성공 3. 데이터 전송 실패시 에러메세지 확인( DR(Server)와 끊어짐 상태 표시 또는 전송실패 표시 ) 4. 실패 이후 재전송 성공 | E59: 테스트대상 구성 : - HLM 1대 테스트환경 구성 : - AP(2.4GHz) 1대 - HDR-9000 1대 | F59: TC-HLM-005 | G59: 1. AP 연결 및 인증 확인(HLM-001) 2. Server 연결 확인(HLM-002, HDR에 연결) 3. SETUP 화면- NETWORK -Trans. Type을 Auto로 설정. 4. 측정렌즈를 HLM의 LENS cap 위에 안착(측정화면 과녁에서 + 가 최대크기가 되는 지점에서). 5. 측정화면으로 이동 | H59: 측정화면의 우측상단 Wi-Fi & HDR 정상연결 상태확인(아래의 범례와 같은 상태) 범례 *Wi-Fi 아이콘(정상 연결상태): 파란색으로 RSSI 신호세기 표기, 우하단심볼 미표기 *HDR 아이콘(정상 연결상태) : 파란색톤 DR 아이콘 표기, 우상단심볼 미표기 | I59: 전송 모드는 수동/자동 각각 설정하여 테스트 진행 측정 모드는 모드별로 테스트 진행 Server는 최소 1개, 최대 4개 늘려가면서 테스트 진행 | J59: ( O, X )
G60: 1. OP QC Settings 화면 진입(OP 홈 화면에서 Shift+MENU 터치) 2. OP QC Settings 화면의 "Commnunication 탭"의 Connection 항목을 OFF로 터치. 3. OP QC Settings 화면의 OK 터치 | H60: 측정화면에서 우측상단에서 *HDR 아이콘(미연결상태) 확인. 범례 *HDR 아이콘(미연결상태) : 파란색톤 아이콘 표기, 우상단심볼 X 표기 | J60: ( O, X )
G61: 1. 측정화면의 우측하단의 프린터 아이콘을 터치. | H61: HDR network connect 모달 시현확인 | J61: ( O, X )
G62: 1. OP QC Settings 화면 진입(OP 홈 화면에서 Shift+MENU 터치) 2. OP QC Settings 화면의 "Commnunication 탭"의 Connection 항목을 ON으로 터치. 3. OP QC Settings 화면의 OK 터치 | H62: OP 홈 화면 시현확인 | J62: ( O, X )
G63: 1. 측정화면의 "HDR 재연결 시도 아이콘" 터치 | H63: 측정화면의 HDR network connect 모달에서 "HDR 재연결 시도 아이콘" 이 "HDR 연결완료 아이콘" 으로 변경 확인 | J63: ( O, X )
G64: 1. 측정화면의 HDR network connect 모달에서 OK 터치 2. 측정화면의 우측하단의 프린터 아이콘을 터치. 3. OP Basic Operation 화면 진입(OP 홈 화면에서 Basic Operation 터치) 4. OP 키보드의 LOAD 버튼 터치 5. OP Basic Operation 화면 좌측상단 LOAD DATA의 LM 버튼 터치 | H64: 측정화면 좌측상단 차트번호와 OP Basic Operation 화면 좌측상단 LOAD DATA의 차트번호 비교결과, 측정화면 차트번호가 1이 더 큰지 확인 | J64: ( O, X )
G65: 1. OP Basic Operation 화면 좌측상단 LOAD DATA의 차트번호 터치 | H65: 측정화면 L, R 데이터와 OP Basic Operation 화면 상단중간 데이터 비교결과, S(SPH)의 수치가 일치 상태확인(TBD. STEP 디옵터 설정 의존성 확인) | J65: ( O, X )
A66: HLM-006 | B66: 장비 재부팅 시 복구 | C66: 1. AP를 연결한다. 2. HDR(Server)을 연결한다. 3. 연결을 확인한 후, 장비의 전원을 off 한다. 4. 장비의 전원을 on 한다. 5. AP / HDR(Server) 재접속 여부를 확인한다. 6. 재접속이 되지않은경우, 수동으로 재접속을 진행한다. 7. 데이터를 측정한다. 8. Server에서 데이터를 수신 확인한다. | D66: 1. 데이터 전송 성공 2. 데이터 전송 실패시 에러메세지 확인( DR(Server)와 끊어짐 상태 표시 또는 전송실패 표시 ) 3. 실패 이후 재전송 성공 | E66: 테스트대상 구성 : - HLM 1대 테스트환경 구성 : - AP(2.4GHz) 1대 - HDR-9000 1대 | F66: TC-HLM-006 | G66: 1. AP 연결 및 인증 확인(HLM-001) | H66: HLM 장비 화면이 꺼짐을 확인 | I66: 전송 모드는 수동/자동 각각 설정하여 테스트 진행 측정 모드는 모드별로 테스트 진행 Server는 최소 1개, 최대 4개 늘려가면서 테스트 진행 | J66: ( O, X )
G67: 1. 측정렌즈를 HLM의 LENS cap 위에서 제거한다 2. HLM 장비 스위치 ON 3. HLM 장비 부팅 및 Wi-Fi & HDR 재연결시도 대기 | H67: 측정화면의 우측상단 Wi-Fi & HDR 정상연결 상태확인(아래의 범례와 같은 상태) 범례 *Wi-Fi 아이콘(정상 연결상태): 파란색으로 RSSI 신호세기 표기, 우하단심볼 미표기 *HDR 아이콘(정상 연결상태) : 파란색톤 DR 아이콘 표기, 우상단심볼 미표기 | J67: ( O, X )
G68: 1. 측정렌즈를 HLM의 LENS cap 위에 안착(측정화면 과녁에서 + 가 최대크기가 되는 지점에서) 2. 측정화면의 우측하단의 프린터 아이콘을 터치 3. OP Basic Operation 화면 진입(OP 홈 화면에서 Basic Operation 터치) 4. OP 키보드의 LOAD 버튼 터치 5. OP Basic Operation 화면 좌측상단 LOAD DATA의 LM 버튼 터치 | H68: 측정화면 좌측상단 차트번호와 OP Basic Operation 화면 좌측상단 LOAD DATA의 차트번호 비교결과, 측정화면 차트번호가 1이 더 큰지 확인 | J68: ( O, X )
G69: 1. OP Basic Operation 화면 좌측상단 LOAD DATA의 차트번호 터치 | H69: 측정화면 L, R 데이터와 OP Basic Operation 화면 상단중간 데이터 비교결과, S(SPH)의 수치가 일치 상태확인(TBD. STEP 디옵터 설정 의존성 확인) | J69: ( O, X )
A70: Test Senario ID | B70: 테스트 항목 | C70: 테스트 절차 | D70: 기대 결과 | E70: Test Config ID | F70: Test Case ID | G70: Test Procedure | H70: Actual Result | I70: 비고 | J70: 결과 판정 | K70: 특이사항
